"nch","z","D","x","S","babs","pabs","sig_abs","zmax","pz","sig_z"
5,0.1,0.01,0.005,0.01,0.0304149832491278,"k_on",TRUE,0.231293020325503,"baseline",TRUE
5,0.1,0.02,0.00707106781186548,0.01,0.0205300462700516,"k_on",TRUE,0.191296596540796,"baseline",TRUE
5,0.1,0.05,0.011180339887499,0.01,0.0114473463180041,"k_off",TRUE,0.151813162441908,"S",TRUE
5,0.1,0.1,0.0158113883008419,0.01,0.0145261948863206,"k_off",TRUE,0.164917989104079,"S",TRUE
5,0.1,0.2,0.0223606797749979,0.01,0.0280873880452009,"S",TRUE,0.2024239023245,"S",TRUE
5,0.1,0.5,0.0353553390593274,0.01,0.0695758566824884,"N_ch",TRUE,0.173103336136081,"S",TRUE
5,0.1,1,0.05,0.01,0.0841321219604407,"N_ch",TRUE,0.169303207995495,"k_off",TRUE
5,1,0.01,0.05,0.1,0.0110339008544398,"N_ch",TRUE,0.105923290213481,"baseline",TRUE
5,1,0.02,0.0707106781186548,0.1,0.0138804256422041,"N_ch",TRUE,0.0869480009721687,"baseline",TRUE
5,1,0.05,0.111803398874989,0.1,0.0182371107668076,"N_ch",TRUE,0.0843447791728805,"baseline",TRUE
5,1,0.1,0.158113883008419,0.1,0.00995386996850438,"i",TRUE,0.0641765013849345,"baseline",TRUE
5,1,0.2,0.223606797749979,0.1,0.0262329912322918,"N_ch",TRUE,0.0775036929124849,"S",TRUE
5,1,0.5,0.353553390593274,0.1,0.0191865088521699,"S",TRUE,0.0870914668444748,"S",TRUE
5,1,1,0.5,0.1,0.0257537969418352,"S",TRUE,0.0721611518483756,"S",TRUE
10,0.05,0.01,0.005,0.005,0.00851758176037927,"k_on",TRUE,0.199327897905133,"baseline",TRUE
10,0.05,0.02,0.00707106781186548,0.005,0.0118827846876973,"k_on",TRUE,0.184563784594128,"baseline",TRUE
10,0.05,0.05,0.011180339887499,0.005,0.013374226783834,"N_ch",TRUE,0.119202933458477,"baseline",TRUE
10,0.05,0.1,0.0158113883008419,0.005,0.017344000583853,"S",TRUE,0.176594363193507,"S",TRUE
10,0.05,0.2,0.0223606797749979,0.005,0.0303907504602136,"S",TRUE,0.198428614664171,"S",TRUE
10,0.05,0.5,0.0353553390593274,0.005,0.0643153954768791,"N_ch",TRUE,0.15484097536906,"i",TRUE
10,0.05,1,0.05,0.005,0.0739186889336687,"N_ch",TRUE,0.158136839468067,"k_off",TRUE
10,0.1,0.01,0.01,0.01,0.00972193084521132,"k_on",TRUE,0.191401581852327,"baseline",TRUE
10,0.1,0.02,0.014142135623731,0.01,0.0105972357219667,"k_on",TRUE,0.163437440852371,"baseline",TRUE
10,0.1,0.05,0.0223606797749979,0.01,0.00933512600737218,"k_off",TRUE,0.118001687350018,"baseline",TRUE
10,0.1,0.1,0.0316227766016838,0.01,0.0119971582557931,"S",TRUE,0.12896266968201,"S",TRUE
10,0.1,0.2,0.0447213595499958,0.01,0.0274978190996568,"S",TRUE,0.186809689022247,"S",TRUE
10,0.1,0.5,0.0707106781186548,0.01,0.042955976458808,"S",TRUE,0.161297571280934,"S",TRUE
10,0.1,1,0.1,0.01,0.0531507944029864,"N_ch",TRUE,0.109237803692913,"k_off",TRUE
10,0.2,0.01,0.02,0.02,0.00636602848337854,"k_on",FALSE,0.145312707310473,"baseline",TRUE
10,0.2,0.02,0.0282842712474619,0.02,0.00747057112239262,"k_on",FALSE,0.14082908264167,"baseline",TRUE
10,0.2,0.05,0.0447213595499958,0.02,0.0054838899692108,"k_on",FALSE,0.11003591915453,"baseline",TRUE
10,0.2,0.1,0.0632455532033676,0.02,0.00819181321001197,"k_off",TRUE,0.102403691023546,"baseline",TRUE
10,0.2,0.2,0.0894427190999916,0.02,0.0178237923439375,"S",TRUE,0.126676745111605,"S",TRUE
10,0.2,0.5,0.14142135623731,0.02,0.0314810736594753,"S",TRUE,0.121651294415449,"S",TRUE
10,0.2,1,0.2,0.02,0.0419200856994893,"N_ch",TRUE,0.0970706725322221,"k_off",TRUE
10,0.5,0.01,0.05,0.05,0.00692014498590425,"baseline",TRUE,0.123146195721181,"baseline",TRUE
10,0.5,0.02,0.0707106781186548,0.05,0.00535100052906415,"baseline",TRUE,0.094984042953144,"baseline",TRUE
10,0.5,0.05,0.111803398874989,0.05,0.00534229020616378,"baseline",TRUE,0.094714799294825,"baseline",TRUE
10,0.5,0.1,0.158113883008419,0.05,0.00484739733917669,"baseline",TRUE,0.0855479763056293,"baseline",TRUE
10,0.5,0.2,0.223606797749979,0.05,0.0126909976767955,"S",TRUE,0.0970813695038432,"S",TRUE
10,0.5,0.5,0.353553390593274,0.05,0.0265899617265577,"S",TRUE,0.108644057408461,"S",TRUE
10,0.5,1,0.5,0.05,0.0355292563758379,"S",TRUE,0.0905975096329985,"S",TRUE
10,1,0.01,0.1,0.1,0.00920449568294135,"N_ch",TRUE,0.0760933456189939,"baseline",TRUE
10,1,0.02,0.14142135623731,0.1,0.00600135442770913,"baseline",TRUE,0.0756943596101081,"baseline",TRUE
10,1,0.05,0.223606797749979,0.1,0.00931719159375862,"N_ch",FALSE,0.0461242051928509,"baseline",TRUE
10,1,0.1,0.316227766016838,0.1,0.00524876076637094,"baseline",TRUE,0.065809131583899,"baseline",TRUE
10,1,0.2,0.447213595499958,0.1,0.0130626664119208,"N_ch",TRUE,0.0445301378314522,"baseline",TRUE
10,1,0.5,0.707106781186548,0.1,0.0164588979122845,"S",TRUE,0.0705192954132524,"S",TRUE
10,1,1,1,0.1,0.0229901009613776,"S",TRUE,0.061077308758814,"S",TRUE
10,10,0.01,1,1,0.00888759019963946,"N_ch",FALSE,0.0114048009470572,"i",FALSE
10,10,0.02,1.41421356237309,1,0.0188019343799915,"k_on",TRUE,0.0252257379114071,"k_on",TRUE
10,10,0.05,2.23606797749979,1,0.00999747943428801,"N_ch",FALSE,0.0152045261123168,"i",FALSE
10,10,0.1,3.16227766016838,1,0.01278029646084,"N_ch",FALSE,0.0150307106785197,"i",FALSE
10,10,0.2,4.47213595499958,1,0.00574077895503246,"i",FALSE,0.0251791010886488,"S",TRUE
10,10,0.5,7.07106781186548,1,0.0189589593030042,"N_ch",FALSE,0.0207871395891696,"k_on",TRUE
10,10,1,10,1,0.0085845025216447,"N_ch",FALSE,0.0205387057916208,"S",FALSE
10,100,0.01,10,10,0.0249085863479075,"N_ch",FALSE,0.0101618477533539,"S",FALSE
10,100,0.02,14.142135623731,10,0.00485868543541083,"k_on",FALSE,0.00250000814319403,"baseline",FALSE
10,100,0.05,22.3606797749979,10,0.0413575077463075,"N_ch",FALSE,0.0142449947804002,"k_on",FALSE
10,100,0.1,31.6227766016838,10,0.0490218265826894,"k_on",FALSE,0.0258027295921629,"baseline",TRUE
10,100,0.2,44.7213595499958,10,0.0239511069656389,"N_ch",FALSE,0.0201003900774413,"k_off",TRUE
10,100,0.5,70.7106781186548,10,0.0504475438312396,"N_ch",FALSE,0.0176534730577162,"i",FALSE
10,100,1,100,10,0.0372023945825169,"N_ch",FALSE,0.0130314293516505,"S",FALSE
10,1000,0.01,100,100,0.0302658877100466,"k_off",FALSE,0.0130441829070819,"k_off",FALSE
10,1000,0.02,141.42135623731,100,0.305060705422295,"N_ch",FALSE,0.0179629032425723,"N_ch",FALSE
10,1000,0.05,223.606797749979,100,0.087189721319418,"i",FALSE,0.0196068176464226,"baseline",FALSE
10,1000,0.1,316.227766016838,100,0.398538644028923,"N_ch",FALSE,0.0233372363209314,"i",FALSE
10,1000,0.2,447.213595499958,100,0.1130831338258,"N_ch",FALSE,0.0124257681870331,"baseline",FALSE
10,1000,0.5,707.106781186548,100,0.431279516195097,"i",TRUE,0.0228065671393583,"i",TRUE
10,1000,1,1000,100,0.0340292453260337,"i",FALSE,0.0105919661893718,"k_off",FALSE
10,10000,0.01,1000,1000,1.67730719448666,"N_ch",FALSE,0.0173450110125012,"k_on",FALSE
10,10000,0.02,1414.2135623731,1000,1.27875923361008,"N_ch",FALSE,0.00857681420060393,"N_ch",FALSE
10,10000,0.05,2236.06797749979,1000,1.69368924885381,"i",FALSE,0.0112726005546482,"i",FALSE
10,10000,0.1,3162.27766016838,1000,2.29716998546573,"i",FALSE,0.0213246551257516,"k_on",FALSE
10,10000,0.2,4472.13595499958,1000,3.79920073916528,"N_ch",FALSE,0.024530839018204,"baseline",TRUE
10,10000,0.5,7071.06781186548,1000,0.814928094855467,"i",FALSE,0.00869797070450495,"k_off",FALSE
10,10000,1,10000,1000,3.50804326040813,"i",FALSE,0.0161374928775473,"i",FALSE
20,0.05,0.01,0.01,0.005,0.00410150908624541,"k_on",FALSE,0.172344833863183,"baseline",TRUE
20,0.05,0.02,0.014142135623731,0.005,0.00564564613297605,"k_on",FALSE,0.140356938569869,"baseline",TRUE
20,0.05,0.05,0.0223606797749979,0.005,0.00742514931744283,"S",TRUE,0.112608506609939,"S",TRUE
20,0.05,0.1,0.0316227766016838,0.005,0.0126745368643446,"S",TRUE,0.121202427310801,"S",TRUE
20,0.05,0.2,0.0447213595499958,0.005,0.0285555980550964,"S",TRUE,0.175028537584361,"S",TRUE
20,0.05,0.5,0.0707106781186548,0.005,0.0386815884975031,"N_ch",TRUE,0.109337650226464,"i",TRUE
20,0.05,1,0.1,0.005,0.0396319203730535,"N_ch",TRUE,0.0944715790634382,"N_ch",TRUE
20,0.1,0.01,0.02,0.01,0.0086943904918923,"k_on",TRUE,0.146148736594865,"baseline",TRUE
20,0.1,0.02,0.0282842712474619,0.01,0.00375597138992867,"baseline",TRUE,0.139492175240754,"baseline",TRUE
20,0.1,0.05,0.0447213595499958,0.01,0.00429731190545119,"S",TRUE,0.0951131797158184,"baseline",TRUE
20,0.1,0.1,0.0632455532033676,0.01,0.0092201983492693,"S",TRUE,0.0926519927946225,"S",TRUE
20,0.1,0.2,0.0894427190999916,0.01,0.0240564820161344,"S",TRUE,0.153169023968391,"S",TRUE
20,0.1,0.5,0.14142135623731,0.01,0.0327320569800161,"S",TRUE,0.116279962362504,"S",TRUE
20,0.1,1,0.2,0.01,0.0311227385284421,"N_ch",TRUE,0.073119511961715,"N_ch",TRUE
20,0.2,0.01,0.04,0.02,0.00477296742051309,"baseline",TRUE,0.125526941132113,"baseline",TRUE
20,0.2,0.02,0.0565685424949238,0.02,0.0053971152970944,"k_on",FALSE,0.113574511257325,"baseline",TRUE
20,0.2,0.05,0.0894427190999916,0.02,0.00747130359536467,"k_on",TRUE,0.0819253290549841,"baseline",TRUE
20,0.2,0.1,0.126491106406735,0.02,0.00709898871313124,"S",TRUE,0.0831603723462534,"baseline",TRUE
20,0.2,0.2,0.178885438199983,0.02,0.0138099879372549,"S",TRUE,0.0920133079846189,"S",TRUE
20,0.2,0.5,0.282842712474619,0.02,0.0256798091781216,"S",TRUE,0.0937627907759644,"S",TRUE
20,0.2,1,0.4,0.02,0.0263768888272188,"N_ch",TRUE,0.0607486220557685,"N_ch",TRUE
20,0.5,0.01,0.1,0.05,0.0033813539647989,"baseline",TRUE,0.0564729182778161,"baseline",TRUE
20,0.5,0.02,0.14142135623731,0.05,0.00482275284411206,"baseline",TRUE,0.0803446479993875,"baseline",TRUE
20,0.5,0.05,0.223606797749979,0.05,0.00727269639434782,"N_ch",TRUE,0.0778385789652301,"baseline",TRUE
20,0.5,0.1,0.316227766016838,0.05,0.00646188278826164,"N_ch",FALSE,0.0463854426421429,"baseline",TRUE
20,0.5,0.2,0.447213595499958,0.05,0.0126597402029895,"N_ch",TRUE,0.0697757159693055,"S",TRUE
20,0.5,0.5,0.707106781186548,0.05,0.0178664946909148,"S",TRUE,0.0686619854996915,"S",TRUE
20,0.5,1,1,0.05,0.0215585038537098,"S",TRUE,0.0523452842392714,"S",TRUE
20,1,0.01,0.2,0.1,0.00537842568584147,"baseline",TRUE,0.0638313534604557,"baseline",TRUE
20,1,0.02,0.282842712474619,0.1,0.0047901110040942,"baseline",TRUE,0.0567464580317021,"baseline",TRUE
20,1,0.05,0.447213595499958,0.1,0.0103261730766284,"N_ch",TRUE,0.0380216804088867,"baseline",TRUE
20,1,0.1,0.632455532033676,0.1,0.0045309258360207,"N_ch",FALSE,0.0355986336965844,"baseline",TRUE
20,1,0.2,0.894427190999916,0.1,0.00420914345192901,"baseline",TRUE,0.0493074805200767,"baseline",TRUE
20,1,0.5,1.4142135623731,0.1,0.0128521617252353,"S",TRUE,0.0518368735383785,"S",TRUE
20,1,1,2,0.1,0.0181559343244938,"S",TRUE,0.0456754143986839,"S",TRUE
20,10,0.01,2,1,0.00836440611336121,"k_on",FALSE,0.016825527123632,"k_on",FALSE
20,10,0.02,2.82842712474619,1,0.00775190586952474,"N_ch",FALSE,0.0141209940354046,"i",FALSE
20,10,0.05,4.47213595499958,1,0.00817911758427728,"N_ch",FALSE,0.0135353271440967,"i",FALSE
20,10,0.1,6.32455532033676,1,0.00424355230569342,"N_ch",FALSE,0.00703365627012091,"k_off",FALSE
20,10,0.2,8.94427190999916,1,0.00481755094983184,"k_on",FALSE,0.00996534410948216,"k_off",FALSE
20,10,0.5,14.142135623731,1,0.0122169333115762,"N_ch",FALSE,0.0225229679343403,"k_on",TRUE
20,10,1,20,1,0.00505705747057291,"k_on",FALSE,0.00968731066364866,"S",FALSE
50,0.05,0.01,0.025,0.005,0.00659051912818587,"k_on",TRUE,0.0795899012250809,"baseline",TRUE
50,0.05,0.02,0.0353553390593274,0.005,0.00316789079712174,"N_ch",FALSE,0.0740197876669561,"baseline",TRUE
50,0.05,0.05,0.0559016994374948,0.005,0.00329310326160717,"S",TRUE,0.0591807350561384,"baseline",TRUE
50,0.05,0.1,0.0790569415042095,0.005,0.00927594454361451,"S",TRUE,0.0810248884151557,"S",TRUE
50,0.05,0.2,0.11180339887499,0.005,0.0144991823038762,"S",TRUE,0.0819650258839411,"S",TRUE
50,0.05,0.5,0.176776695296637,0.005,0.0176846656677612,"S",TRUE,0.0588027756505971,"N_ch",TRUE
50,0.05,1,0.25,0.005,0.00790406822910104,"S",TRUE,0.0278923346541365,"k_off",TRUE
50,0.1,0.01,0.05,0.01,0.00369680714994293,"N_ch",FALSE,0.0717285598305369,"baseline",TRUE
50,0.1,0.02,0.0707106781186548,0.01,0.00210836211614759,"baseline",TRUE,0.07300941285395,"baseline",TRUE
50,0.1,0.05,0.11180339887499,0.01,0.00409343057357298,"k_on",FALSE,0.0603271982645962,"baseline",TRUE
50,0.1,0.1,0.158113883008419,0.01,0.00556246428241164,"S",TRUE,0.0532121159042047,"baseline",TRUE
50,0.1,0.2,0.223606797749979,0.01,0.0137997294572789,"S",TRUE,0.0807429845243941,"S",TRUE
50,0.1,0.5,0.353553390593274,0.01,0.0145566635859472,"S",TRUE,0.0487909812832464,"S",TRUE
50,0.1,1,0.5,0.01,0.00954185395323361,"N_ch",TRUE,0.0366476023025078,"k_off",TRUE
50,0.2,0.01,0.1,0.02,0.00337785798151645,"baseline",TRUE,0.0828120205085373,"baseline",TRUE
50,0.2,0.02,0.14142135623731,0.02,0.00420964545702421,"N_ch",FALSE,0.0602579083138953,"baseline",TRUE
50,0.2,0.05,0.223606797749979,0.02,0.0032304866663211,"N_ch",FALSE,0.0488543086912725,"baseline",TRUE
50,0.2,0.1,0.316227766016838,0.02,0.00278740065358201,"S",TRUE,0.0449992274152983,"baseline",TRUE
50,0.2,0.2,0.447213595499958,0.02,0.00788605676516215,"S",TRUE,0.0481552303097311,"S",TRUE
50,0.2,0.5,0.707106781186548,0.02,0.0133436384710181,"S",TRUE,0.0454464052464948,"S",TRUE
50,0.2,1,1,0.02,0.00490393261584417,"N_ch",FALSE,0.0185751717935758,"k_off",FALSE
50,0.5,0.01,0.25,0.05,0.00271882670722094,"baseline",TRUE,0.0423624520272426,"baseline",TRUE
50,0.5,0.02,0.353553390593274,0.05,0.00261777645296744,"baseline",TRUE,0.0406493124934155,"baseline",TRUE
50,0.5,0.05,0.559016994374947,0.05,0.0054156269992776,"N_ch",TRUE,0.0296869688025483,"baseline",TRUE
50,0.5,0.1,0.790569415042095,0.05,0.0035131945498275,"baseline",TRUE,0.0542442758520299,"baseline",TRUE
50,0.5,0.2,1.11803398874989,0.05,0.00857531315030117,"S",TRUE,0.056240952357478,"S",TRUE
50,0.5,0.5,1.76776695296637,0.05,0.0112438565661137,"S",TRUE,0.0399043480647543,"S",TRUE
50,0.5,1,2.5,0.05,0.0125770818036439,"N_ch",TRUE,0.0358339329464637,"N_ch",TRUE
50,1,0.01,0.5,0.1,0.00290471906160769,"k_on",FALSE,0.01837781092195,"baseline",FALSE
50,1,0.02,0.707106781186547,0.1,0.00395546958527171,"baseline",TRUE,0.0437508134963652,"baseline",TRUE
50,1,0.05,1.11803398874989,0.1,0.00150948264188553,"N_ch",FALSE,0.0144871310998509,"k_off",FALSE
50,1,0.1,1.58113883008419,0.1,0.00267993633045459,"N_ch",FALSE,0.016020952444685,"baseline",FALSE
50,1,0.2,2.23606797749979,0.1,0.00585000908241801,"S",TRUE,0.0406702234126587,"S",TRUE
50,1,0.5,3.53553390593274,0.1,0.00595657894198379,"S",TRUE,0.0221387981542315,"S",TRUE
50,1,1,5,0.1,0.00650496672823745,"N_ch",FALSE,0.0211319352032407,"i",TRUE
50,10,0.01,5,1,0.00819497639980935,"k_on",TRUE,0.0267893604933941,"k_on",TRUE
50,10,0.02,7.07106781186548,1,0.00596067164491017,"k_on",FALSE,0.0195473785154188,"k_on",FALSE
50,10,0.05,11.1803398874989,1,0.00948207155190443,"N_ch",TRUE,0.0251536513257298,"N_ch",TRUE
50,10,0.1,15.8113883008419,1,0.00282226025357206,"k_on",FALSE,0.00920237073308209,"k_on",FALSE
50,10,0.2,22.3606797749979,1,0.00275525310130878,"i",FALSE,0.0102340073073545,"i",FALSE
50,10,0.5,35.3553390593274,1,0.00460711513801173,"i",FALSE,0.0154965252807566,"i",FALSE
50,10,1,50,1,0.00215143985657022,"i",FALSE,0.00844188301192284,"k_off",FALSE
100,0.05,0.01,0.05,0.005,0.00259050734221583,"N_ch",FALSE,0.0548048097762589,"baseline",TRUE
100,0.05,0.02,0.0707106781186548,0.005,0.00154021418423149,"i",TRUE,0.0331198238973625,"baseline",TRUE
100,0.05,0.05,0.11180339887499,0.005,0.00178266525061428,"i",TRUE,0.0493621565373807,"baseline",TRUE
100,0.05,0.1,0.158113883008419,0.005,0.00358243962818794,"S",TRUE,0.0299840228764738,"baseline",TRUE
100,0.05,0.2,0.223606797749979,0.005,0.00575068698340068,"S",TRUE,0.0309031334324761,"S",TRUE
100,0.05,0.5,0.353553390593274,0.005,0.0044956460700998,"S",FALSE,0.0146929179410913,"S",FALSE
100,0.05,1,0.5,0.005,0.00625609983910948,"N_ch",FALSE,0.036886122843068,"k_off",TRUE
100,0.1,0.01,0.1,0.01,0.00184819929385348,"N_ch",FALSE,0.0366560399681945,"baseline",TRUE
100,0.1,0.02,0.14142135623731,0.01,0.00235510610502643,"i",TRUE,0.0426633483466433,"baseline",TRUE
100,0.1,0.05,0.223606797749979,0.01,0.00256869529919553,"S",TRUE,0.0350711660134376,"S",TRUE
100,0.1,0.1,0.316227766016838,0.01,0.00273745618945299,"S",TRUE,0.0234778899105284,"S",TRUE
100,0.1,0.2,0.447213595499958,0.01,0.00478695312263197,"S",TRUE,0.0406890004019724,"baseline",TRUE
100,0.1,0.5,0.707106781186548,0.01,0.00549757773569366,"S",FALSE,0.0282225111472178,"k_off",TRUE
100,0.1,1,1,0.01,0.00407029924529136,"S",FALSE,0.0133713543603943,"i",FALSE
100,0.2,0.01,0.2,0.02,0.00144631751087307,"k_on",FALSE,0.0293311708895073,"baseline",TRUE
100,0.2,0.02,0.282842712474619,0.02,0.00170981176309254,"i",TRUE,0.0266782597359459,"baseline",TRUE
100,0.2,0.05,0.447213595499958,0.02,0.00156726497591749,"baseline",TRUE,0.0369337494788226,"baseline",TRUE
100,0.2,0.1,0.632455532033676,0.02,0.00268285272392799,"N_ch",FALSE,0.0188042559996594,"i",FALSE
100,0.2,0.2,0.894427190999916,0.02,0.00156685092768548,"S",FALSE,0.0091744427090887,"k_off",FALSE
100,0.2,0.5,1.4142135623731,0.02,0.0077712396007515,"S",TRUE,0.0293118043426452,"k_off",TRUE
100,0.2,1,2,0.02,0.00871373343509732,"i",TRUE,0.0380928555616252,"i",TRUE
100,0.5,0.01,0.5,0.05,0.00264325586280179,"baseline",TRUE,0.0396841941774375,"baseline",TRUE
100,0.5,0.02,0.707106781186547,0.05,0.00175687405089456,"k_on",FALSE,0.00926342839983267,"k_on",FALSE
100,0.5,0.05,1.11803398874989,0.05,0.001580119357426,"i",FALSE,0.0187454454405778,"baseline",FALSE
100,0.5,0.1,1.58113883008419,0.05,0.00253429159907607,"N_ch",FALSE,0.0204102757053304,"baseline",TRUE
100,0.5,0.2,2.23606797749979,0.05,0.00161079931041747,"baseline",TRUE,0.023991984227596,"baseline",TRUE
100,0.5,0.5,3.53553390593274,0.05,0.00185863769861898,"k_on",FALSE,0.013880117070471,"baseline",FALSE
100,0.5,1,5,0.05,0.00655583203059202,"S",FALSE,0.0151471546574074,"S",FALSE
100,1,0.01,1,0.1,0.00516122371571587,"N_ch",TRUE,0.0270176361033401,"i",TRUE
100,1,0.02,1.41421356237309,0.1,0.00307002934090293,"baseline",TRUE,0.032752542456116,"baseline",TRUE
100,1,0.05,2.23606797749979,0.1,0.00232029114795088,"N_ch",FALSE,0.0158165343258612,"i",FALSE
100,1,0.1,3.16227766016838,0.1,0.00256125125427966,"N_ch",FALSE,0.0175941657912417,"i",FALSE
100,1,0.2,4.47213595499958,0.1,0.0013744244196475,"N_ch",FALSE,0.00740571089456599,"k_off",FALSE
100,1,0.5,7.07106781186548,0.1,0.00852933765592356,"S",TRUE,0.0299913414906278,"S",TRUE
100,1,1,10,0.1,0.00360202143039575,"N_ch",FALSE,0.0119146976449658,"N_ch",FALSE
100,10,0.01,10,1,0.00278527994307159,"k_on",FALSE,0.0159599452781253,"S",FALSE
100,10,0.02,14.142135623731,1,0.00133123945252085,"N_ch",FALSE,0.00794103191355281,"k_off",FALSE
100,10,0.05,22.3606797749979,1,0.00297603411019079,"k_on",FALSE,0.0220870895979386,"S",TRUE
100,10,0.1,31.6227766016838,1,0.00248724477590541,"baseline",FALSE,0.00881862364807388,"baseline",FALSE
100,10,0.2,44.7213595499958,1,0.00376043106552915,"N_ch",FALSE,0.0164057753513231,"i",FALSE
100,10,0.5,70.7106781186548,1,0.00281915161439292,"k_on",FALSE,0.0129269761231601,"k_on",FALSE
100,10,1,100,1,0.0042982463373375,"S",FALSE,0.0112305818322237,"S",FALSE
100,100,0.01,100,10,0.00559199389009774,"baseline",FALSE,0.00715232891133619,"k_off",FALSE
100,100,0.02,141.42135623731,10,0.00285280148149102,"baseline",FALSE,0.012378496837313,"k_off",FALSE
100,100,0.05,223.606797749979,10,0.006409410016614,"baseline",FALSE,0.0111833280162049,"N_ch",FALSE
100,100,0.1,316.227766016838,10,0.0161695231437863,"baseline",FALSE,0.0194785140161247,"baseline",FALSE
100,100,0.2,447.213595499958,10,0.0079687968307102,"N_ch",FALSE,0.0175709824843735,"k_off",FALSE
100,100,0.5,707.106781186548,10,0.00915607082033777,"baseline",FALSE,0.0109091700338462,"baseline",FALSE
100,100,1,1000,10,0.0038560060449203,"baseline",FALSE,0.00533871618379578,"k_off",FALSE
100,1000,0.01,1000,100,0.0235481869499413,"baseline",FALSE,0.0147365147784801,"S",FALSE
100,1000,0.02,1414.2135623731,100,0.0277776585409314,"i",FALSE,0.0153483663039124,"i",FALSE
100,1000,0.05,2236.06797749979,100,0.0393171917024867,"N_ch",TRUE,0.0197253749532167,"N_ch",TRUE
100,1000,0.1,3162.27766016838,100,0.0439428754278634,"baseline",FALSE,0.028300952660928,"k_off",TRUE
100,1000,0.2,4472.13595499958,100,0.0356418175773394,"baseline",FALSE,0.0138418295186242,"baseline",FALSE
100,1000,0.5,7071.06781186548,100,0.021048645947463,"baseline",FALSE,0.00846886149436615,"i",FALSE
100,1000,1,10000,100,0.0491318730994532,"baseline",FALSE,0.0262329878171673,"k_off",TRUE
100,10000,0.01,10000,1000,0.109199466645227,"N_ch",FALSE,0.00719013160561403,"N_ch",FALSE
100,10000,0.02,14142.135623731,1000,0.138989870479367,"N_ch",FALSE,0.0194411640214739,"k_on",TRUE
100,10000,0.05,22360.6797749979,1000,0.0749685936914716,"baseline",FALSE,0.0131293911693261,"S",FALSE
100,10000,0.1,31622.7766016838,1000,0.128555546120658,"i",FALSE,0.0103091175427018,"S",FALSE
100,10000,0.2,44721.3595499958,1000,0.145552389153364,"i",FALSE,0.00892626297880847,"i",FALSE
100,10000,0.5,70710.6781186548,1000,0.14874489957946,"N_ch",FALSE,0.00970758117416428,"baseline",FALSE
100,10000,1,1e+05,1000,0.119743953405049,"baseline",FALSE,0.0143148166280964,"baseline",FALSE
100,1e+05,0.01,1e+05,10000,1.12838828869807,"N_ch",FALSE,0.015382975761469,"baseline",FALSE
100,1e+05,0.02,141421.356237309,10000,2.04831284430595,"N_ch",FALSE,0.0256521784283322,"baseline",TRUE
100,1e+05,0.05,223606.797749979,10000,0.494047057504986,"baseline",FALSE,0.0192374046874513,"baseline",FALSE
100,1e+05,0.1,316227.766016838,10000,0.188498696705007,"i",FALSE,0.0228418578477384,"k_on",TRUE
100,1e+05,0.2,447213.595499958,10000,1.76475972564345,"N_ch",FALSE,0.0168200042031195,"k_on",FALSE
100,1e+05,0.5,707106.781186548,10000,2.43271777469292,"N_ch",FALSE,0.0133058427569242,"N_ch",FALSE
100,1e+05,1,1e+06,10000,1.44609116903728,"N_ch",FALSE,0.0275900133383024,"k_off",TRUE
200,0.05,0.01,0.1,0.005,0.00074933729981321,"N_ch",FALSE,0.00788753713337522,"i",FALSE
200,0.05,0.02,0.14142135623731,0.005,0.00141767286965596,"N_ch",FALSE,0.0168387928600053,"i",TRUE
200,0.05,0.05,0.223606797749979,0.005,0.00192494138407588,"k_on",FALSE,0.0149450607551707,"baseline",FALSE
200,0.05,0.1,0.316227766016838,0.005,0.00165596858787833,"k_on",FALSE,0.0206770790352639,"k_off",FALSE
200,0.05,0.2,0.447213595499958,0.005,0.00146680122309613,"i",FALSE,0.0137456409608424,"i",FALSE
200,0.05,0.5,0.707106781186548,0.005,0.00449795280053381,"S",FALSE,0.0146531839605326,"S",FALSE
200,0.05,1,1,0.005,0.00402609440076433,"k_on",TRUE,0.0263384785611359,"k_on",TRUE
200,0.1,0.01,0.2,0.01,0.00092681131622282,"N_ch",FALSE,0.0178973161083119,"baseline",TRUE
200,0.1,0.02,0.282842712474619,0.01,0.00050007377693269,"i",FALSE,0.00759969629641214,"i",FALSE
200,0.1,0.05,0.447213595499958,0.01,0.00194279346049854,"k_on",FALSE,0.0139958824932163,"k_on",FALSE
200,0.1,0.1,0.632455532033676,0.01,0.00161611562496164,"S",FALSE,0.0130282218713845,"S",FALSE
200,0.1,0.2,0.894427190999916,0.01,0.00142898544123478,"k_on",FALSE,0.0151628587777732,"k_off",FALSE
200,0.1,0.5,1.4142135623731,0.01,0.00367619964902768,"S",FALSE,0.0153167964939609,"k_off",FALSE
200,0.1,1,2,0.01,0.00269869400313322,"S",FALSE,0.0115626484820369,"baseline",FALSE
200,0.2,0.01,0.4,0.02,0.0025978766896644,"k_on",FALSE,0.01983300639607,"S",FALSE
200,0.2,0.02,0.565685424949238,0.02,0.00050650175993316,"k_on",FALSE,0.00822711501092655,"S",FALSE
200,0.2,0.05,0.894427190999916,0.02,0.00177902121972601,"S",TRUE,0.0241434286271894,"S",TRUE
200,0.2,0.1,1.26491106406735,0.02,0.00162576331582557,"N_ch",FALSE,0.0113382963783075,"k_on",FALSE
200,0.2,0.2,1.78885438199983,0.02,0.0014670194963042,"N_ch",FALSE,0.0103824796672348,"i",FALSE
200,0.2,0.5,2.82842712474619,0.02,0.00390776903872962,"N_ch",TRUE,0.019323801420075,"N_ch",TRUE
200,0.2,1,4,0.02,0.00807356561004011,"S",FALSE,0.0185926001142237,"S",FALSE
200,0.5,0.01,1,0.05,0.00172071225887891,"k_on",FALSE,0.0182364212822332,"i",FALSE
200,0.5,0.02,1.41421356237309,0.05,0.00174162693585266,"i",TRUE,0.0208890872691049,"i",TRUE
200,0.5,0.05,2.23606797749979,0.05,0.00230486799670219,"N_ch",FALSE,0.0161407216638077,"N_ch",FALSE
200,0.5,0.1,3.16227766016838,0.05,0.00240555237155977,"k_on",FALSE,0.0170029177110507,"k_on",FALSE
200,0.5,0.2,4.47213595499958,0.05,0.00221320720916348,"baseline",TRUE,0.0324825703243183,"baseline",TRUE
200,0.5,0.5,7.07106781186548,0.05,0.00094124858910681,"baseline",FALSE,0.0137806903043993,"baseline",FALSE
200,0.5,1,10,0.05,0.00208601327405068,"k_on",FALSE,0.0136247567739561,"k_on",FALSE
200,1,0.01,2,0.1,0.00142056716591027,"k_on",FALSE,0.0173550280411724,"S",FALSE
200,1,0.02,2.82842712474619,0.1,0.00440833835789027,"N_ch",TRUE,0.0312487107936264,"k_off",TRUE
200,1,0.05,4.47213595499958,0.1,0.00160590567390832,"S",TRUE,0.0256904547867977,"S",TRUE
200,1,0.1,6.32455532033676,0.1,0.0016147507190853,"N_ch",FALSE,0.014058330570442,"i",FALSE
200,1,0.2,8.94427190999916,0.1,0.00270321386060984,"S",FALSE,0.0164284415375405,"S",FALSE
200,1,0.5,14.142135623731,0.1,0.00165417410584862,"baseline",FALSE,0.0171923948634937,"baseline",FALSE
200,1,1,20,0.1,0.00445079125367999,"S",FALSE,0.0276461875466537,"k_on",TRUE
200,10,0.01,20,1,0.00287241445906758,"N_ch",FALSE,0.0172037840979295,"k_off",FALSE
200,10,0.02,28.2842712474619,1,0.00155404421710959,"baseline",FALSE,0.00624974133939136,"S",FALSE
200,10,0.05,44.7213595499958,1,0.00212406840587686,"baseline",FALSE,0.00755637988340108,"k_off",FALSE
200,10,0.1,63.2455532033676,1,0.00293233908068085,"i",FALSE,0.0176003548347451,"i",FALSE
200,10,0.2,89.4427190999916,1,0.00288724878464908,"baseline",FALSE,0.00991074502010486,"baseline",FALSE
200,10,0.5,141.42135623731,1,0.00215779683121406,"baseline",FALSE,0.00735325915081133,"baseline",FALSE
200,10,1,200,1,0.00434343729210359,"N_ch",FALSE,0.0145861424473876,"N_ch",FALSE
500,0.05,0.01,0.25,0.005,0.00172748543622047,"N_ch",TRUE,0.0214519448475398,"N_ch",TRUE
500,0.05,0.02,0.353553390593274,0.005,0.00079475617982625,"S",FALSE,0.016279117649342,"S",FALSE
500,0.05,0.05,0.559016994374948,0.005,0.00090779955687169,"N_ch",FALSE,0.0121039908006749,"k_off",FALSE
500,0.05,0.1,0.790569415042095,0.005,0.00082497879161252,"i",FALSE,0.0111739850195768,"k_off",FALSE
500,0.05,0.2,1.1180339887499,0.005,0.00164737318485967,"N_ch",FALSE,0.0193662813867462,"k_off",FALSE
500,0.05,0.5,1.76776695296637,0.005,0.00132221416163101,"S",FALSE,0.021015825872234,"k_off",TRUE
500,0.05,1,2.5,0.005,0.003170154703351,"S",FALSE,0.00934305649222603,"k_on",FALSE
500,0.1,0.01,0.5,0.01,0.00320562310339443,"k_on",TRUE,0.0382952885729039,"N_ch",TRUE
500,0.1,0.02,0.707106781186548,0.01,0.0021315230057653,"k_on",TRUE,0.0236234235684669,"k_on",TRUE
500,0.1,0.05,1.1180339887499,0.01,0.0022994990955869,"N_ch",TRUE,0.0260378892910084,"i",TRUE
500,0.1,0.1,1.58113883008419,0.01,0.00181307358777174,"S",FALSE,0.0178105371864392,"k_off",FALSE
500,0.1,0.2,2.23606797749979,0.01,0.00167070275874482,"i",FALSE,0.0163438290430298,"i",FALSE
500,0.1,0.5,3.53553390593274,0.01,0.00397466299931229,"S",FALSE,0.0204508903393934,"k_on",TRUE
500,0.1,1,5,0.01,0.00172277793052025,"N_ch",FALSE,0.00730852663820002,"N_ch",FALSE
500,0.2,0.01,1,0.02,0.00028446533785182,"N_ch",FALSE,0.00324901486188588,"N_ch",FALSE
500,0.2,0.02,1.4142135623731,0.02,0.00080303432010226,"i",FALSE,0.0142794285222291,"i",FALSE
500,0.2,0.05,2.23606797749979,0.02,0.00114347140116128,"N_ch",FALSE,0.0188814422884541,"k_off",FALSE
500,0.2,0.1,3.16227766016838,0.02,0.0010128819205815,"S",FALSE,0.00798376425625052,"S",FALSE
500,0.2,0.2,4.47213595499958,0.02,0.00293439441463349,"S",FALSE,0.0200521595039964,"baseline",TRUE
500,0.2,0.5,7.07106781186548,0.02,0.0027647931347435,"S",FALSE,0.0152529985876202,"i",FALSE
500,0.2,1,10,0.02,0.00245779095362003,"N_ch",FALSE,0.0216693857219926,"k_on",TRUE
500,0.5,0.01,2.5,0.05,0.00060517643641276,"i",FALSE,0.0164122072022172,"S",FALSE
500,0.5,0.02,3.53553390593274,0.05,0.00084872426212829,"N_ch",FALSE,0.0113721828819137,"i",FALSE
500,0.5,0.05,5.59016994374947,0.05,0.00102116007536221,"N_ch",FALSE,0.0133563336687758,"i",FALSE
500,0.5,0.1,7.90569415042095,0.05,0.00115667987188145,"S",FALSE,0.013371319861526,"k_off",FALSE
500,0.5,0.2,11.1803398874989,0.05,0.00207342511719573,"S",FALSE,0.0112164712715055,"S",FALSE
500,0.5,0.5,17.6776695296637,0.05,0.002566666599959,"i",FALSE,0.0162216960581641,"i",FALSE
500,0.5,1,25,0.05,0.00653746121502197,"S",FALSE,0.0159823454153895,"i",FALSE
500,1,0.01,5,0.1,0.00065530073662307,"baseline",FALSE,0.0179717691862819,"S",TRUE
500,1,0.02,7.07106781186548,0.1,0.00085790481336837,"baseline",FALSE,0.0238403800388743,"k_off",TRUE
500,1,0.05,11.1803398874989,0.1,0.00124412628739003,"baseline",FALSE,0.012890896313556,"baseline",FALSE
500,1,0.1,15.8113883008419,0.1,0.00086475428151891,"k_on",FALSE,0.00936902323156086,"k_on",FALSE
500,1,0.2,22.3606797749979,0.1,0.00144527822433045,"N_ch",FALSE,0.0112933776418747,"i",FALSE
500,1,0.5,35.3553390593274,0.1,0.00181192375457432,"N_ch",FALSE,0.0125299429188258,"k_on",FALSE
500,1,1,50,0.1,0.00271326332323483,"S",FALSE,0.0148578441876044,"baseline",FALSE
500,10,0.01,50,1,0.00200806850738095,"N_ch",FALSE,0.0188599720043811,"k_on",TRUE
500,10,0.02,70.7106781186548,1,0.00435460607868616,"baseline",FALSE,0.0146362926877211,"baseline",FALSE
500,10,0.05,111.803398874989,1,0.00407203134451807,"baseline",FALSE,0.0159361958224517,"i",FALSE
500,10,0.1,158.113883008419,1,0.0058379819463067,"baseline",FALSE,0.0195846917257271,"baseline",FALSE
500,10,0.2,223.606797749979,1,0.00510103633707281,"baseline",FALSE,0.0170664435488314,"baseline",FALSE
500,10,0.5,353.553390593274,1,0.0010471582666578,"baseline",FALSE,0.0101044965430523,"k_off",FALSE
500,10,1,500,1,0.00177104967883771,"S",FALSE,0.0124655346707383,"k_off",FALSE
1000,0.05,0.01,0.5,0.005,0.00144527997115327,"N_ch",TRUE,0.026898604381691,"baseline",TRUE
1000,0.05,0.02,0.707106781186548,0.005,0.00067131831660738,"S",FALSE,0.0129038209304163,"S",FALSE
1000,0.05,0.05,1.1180339887499,0.005,0.00073699109683297,"k_on",FALSE,0.0112549163955793,"k_on",FALSE
1000,0.05,0.1,1.58113883008419,0.005,0.0014988670924535,"N_ch",FALSE,0.0169053778444895,"N_ch",FALSE
1000,0.05,0.2,2.23606797749979,0.005,0.00041662620314168,"baseline",FALSE,0.0191885621900158,"baseline",FALSE
1000,0.05,0.5,3.53553390593274,0.005,0.00235497888732939,"S",FALSE,0.0126793466452937,"k_off",FALSE
1000,0.05,1,5,0.005,0.00364743794147583,"S",FALSE,0.0237743539979365,"baseline",TRUE
1000,0.1,0.01,1,0.01,0.0004930920142491,"baseline",FALSE,0.0160701693048916,"baseline",FALSE
1000,0.1,0.02,1.4142135623731,0.01,0.00072774805008984,"S",FALSE,0.0148818939819999,"S",FALSE
1000,0.1,0.05,2.23606797749979,0.01,0.00059123775569049,"S",FALSE,0.0112601069719553,"baseline",FALSE
1000,0.1,0.1,3.16227766016838,0.01,0.00224607395993982,"S",FALSE,0.0166458045406141,"S",FALSE
1000,0.1,0.2,4.47213595499958,0.01,0.00202323752002028,"N_ch",FALSE,0.0179392903678538,"N_ch",FALSE
1000,0.1,0.5,7.07106781186548,0.01,0.00541859031988024,"S",FALSE,0.0176453984604133,"S",FALSE
1000,0.1,1,10,0.01,0.00243249600957879,"i",FALSE,0.0111432881979774,"i",FALSE
1000,0.2,0.01,2,0.02,0.00121105129589518,"i",TRUE,0.027198756065963,"i",TRUE
1000,0.2,0.02,2.82842712474619,0.02,0.0005238515942454,"baseline",FALSE,0.0120756819088958,"baseline",FALSE
1000,0.2,0.05,4.47213595499958,0.02,0.0007161320475454,"S",FALSE,0.00838050378762785,"S",FALSE
1000,0.2,0.1,6.32455532033676,0.02,0.00047671004204105,"baseline",FALSE,0.0109829249196082,"baseline",FALSE
1000,0.2,0.2,8.94427190999916,0.02,0.00407493082447156,"N_ch",TRUE,0.0358206551807069,"N_ch",TRUE
1000,0.2,0.5,14.142135623731,0.02,0.00138446936712734,"N_ch",FALSE,0.0129631260699622,"k_off",FALSE
1000,0.2,1,20,0.02,0.00788781641401994,"S",FALSE,0.0272871914276237,"k_off",TRUE
1000,0.5,0.01,5,0.05,0.00150228096422866,"N_ch",TRUE,0.0207155560553854,"N_ch",TRUE
1000,0.5,0.02,7.07106781186548,0.05,0.00133753820141266,"k_on",FALSE,0.0204670993908169,"k_on",FALSE
1000,0.5,0.05,11.1803398874989,0.05,0.00093462882969416,"N_ch",FALSE,0.012961761563781,"baseline",FALSE
1000,0.5,0.1,15.8113883008419,0.05,0.00140145250199974,"S",FALSE,0.0111776991445805,"S",FALSE
1000,0.5,0.2,22.3606797749979,0.05,0.00053801637234609,"k_on",FALSE,0.012189606571943,"k_off",FALSE
1000,0.5,0.5,35.3553390593274,0.05,0.00243025014505653,"S",FALSE,0.0177767676982735,"k_off",FALSE
1000,0.5,1,50,0.05,0.00563420737032749,"S",FALSE,0.0139714876595844,"k_on",FALSE
1000,1,0.01,10,0.1,0.0014576172207461,"N_ch",TRUE,0.0185569481647203,"N_ch",TRUE
1000,1,0.02,14.142135623731,0.1,0.00045724043904518,"k_on",FALSE,0.0107053597449302,"k_off",FALSE
1000,1,0.05,22.3606797749979,0.1,0.00088230364658475,"baseline",FALSE,0.0110737082145272,"S",FALSE
1000,1,0.1,31.6227766016838,0.1,0.00117509595141188,"S",FALSE,0.0114705571977613,"baseline",FALSE
1000,1,0.2,44.7213595499958,0.1,0.00287412731660142,"S",FALSE,0.0173357550937213,"k_on",FALSE
1000,1,0.5,70.7106781186548,0.1,0.0050419787284693,"N_ch",TRUE,0.0301767517316851,"N_ch",TRUE
1000,1,1,100,0.1,0.00366714271184406,"S",FALSE,0.0262487249310542,"baseline",TRUE
1000,10,0.01,100,1,0.00331481681409496,"baseline",FALSE,0.0110088188850383,"baseline",FALSE
1000,10,0.02,141.42135623731,1,0.00219149007229242,"baseline",FALSE,0.0115618872935652,"k_off",FALSE
1000,10,0.05,223.606797749979,1,0.00210527746234593,"N_ch",FALSE,0.0175363182600315,"N_ch",FALSE
1000,10,0.1,316.227766016838,1,0.00131530932652272,"baseline",FALSE,0.00988611597968299,"k_on",FALSE
1000,10,0.2,447.213595499958,1,0.0030878820903317,"baseline",FALSE,0.0162395280678375,"S",FALSE
1000,10,0.5,707.106781186548,1,0.00252480588736373,"baseline",FALSE,0.0203838050529684,"k_on",TRUE
1000,10,1,1000,1,0.00809740044891446,"S",FALSE,0.0187920920453106,"S",FALSE
1000,100,0.01,1000,10,0.00730999844620727,"baseline",FALSE,0.0140864923012697,"S",FALSE
1000,100,0.02,1414.2135623731,10,0.00874601726736561,"baseline",FALSE,0.0124706583314335,"N_ch",FALSE
1000,100,0.05,2236.06797749979,10,0.0217722214095854,"baseline",TRUE,0.0241287852036324,"baseline",TRUE
1000,100,0.1,3162.27766016838,10,0.00611006665636227,"baseline",FALSE,0.0241065128821466,"k_on",TRUE
1000,100,0.2,4472.13595499958,10,0.011391542281718,"baseline",FALSE,0.0125799963060234,"baseline",FALSE
1000,100,0.5,7071.06781186548,10,0.00654595860643043,"baseline",FALSE,0.0138371366426395,"S",FALSE
1000,100,1,10000,10,0.00429400109542823,"i",FALSE,0.0155697992563022,"i",FALSE
1000,1000,0.01,10000,100,0.0232875775802181,"baseline",FALSE,0.0274532219092692,"S",TRUE
1000,1000,0.02,14142.135623731,100,0.0126336473332935,"baseline",FALSE,0.00758651351308372,"k_off",FALSE
1000,1000,0.05,22360.6797749979,100,0.0241114662884804,"baseline",FALSE,0.0117355524621854,"i",FALSE
1000,1000,0.1,31622.7766016838,100,0.0179076043101471,"baseline",FALSE,0.0174505360189805,"k_off",FALSE
1000,1000,0.2,44721.3595499958,100,0.0185486235418458,"baseline",FALSE,0.0236484918947395,"i",TRUE
1000,1000,0.5,70710.6781186548,100,0.00652168624712132,"baseline",FALSE,0.00910835645191451,"k_off",FALSE
1000,1000,1,1e+05,100,0.008230652118611,"N_ch",FALSE,0.0197976739862925,"S",FALSE
1000,10000,0.01,1e+05,1000,0.0106037366841845,"baseline",FALSE,0.0152617591793736,"k_on",FALSE
1000,10000,0.02,141421.356237309,1000,0.104769184415607,"baseline",FALSE,0.0128498260047032,"baseline",FALSE
1000,10000,0.05,223606.797749979,1000,0.0212871298327365,"N_ch",FALSE,0.0116910406757687,"N_ch",FALSE
1000,10000,0.1,316227.766016838,1000,0.0171794763923331,"N_ch",FALSE,0.00954005537269222,"S",FALSE
1000,10000,0.2,447213.595499958,1000,0.0953479399700112,"baseline",FALSE,0.0116673118567891,"baseline",FALSE
1000,10000,0.5,707106.781186548,1000,0.0613596423591615,"baseline",FALSE,0.0201476099321053,"N_ch",TRUE
1000,10000,1,1e+06,1000,0.0135416071047872,"i",FALSE,0.00702411969861126,"k_on",FALSE
1000,1e+05,0.01,1e+06,10000,0.169217596586053,"baseline",FALSE,0.0153427741697688,"k_on",FALSE
1000,1e+05,0.02,1414213.56237309,10000,0.0798958970202668,"N_ch",FALSE,0.00791062858537809,"k_off",FALSE
1000,1e+05,0.05,2236067.97749979,10000,0.590487707228435,"baseline",TRUE,0.0270338392550667,"k_off",TRUE
1000,1e+05,0.1,3162277.66016838,10000,0.461952440441105,"baseline",FALSE,0.0179718868076034,"baseline",FALSE
1000,1e+05,0.2,4472135.95499958,10000,0.0382538817765982,"baseline",FALSE,0.015014282331493,"k_off",FALSE
1000,1e+05,0.5,7071067.81186548,10000,0.169285110355219,"baseline",FALSE,0.00752778055065051,"k_on",FALSE
1000,1e+05,1,1e+07,10000,0.605347788041763,"baseline",TRUE,0.0229752538673553,"k_on",TRUE
1000,1e+06,0.01,1e+07,1e+05,0.550818384575865,"baseline",FALSE,0.0140516635467201,"S",FALSE
1000,1e+06,0.02,14142135.623731,1e+05,0.725824433134123,"baseline",FALSE,0.00903210115623566,"k_on",FALSE
1000,1e+06,0.05,22360679.7749979,1e+05,1.83752089376547,"baseline",TRUE,0.0226242000996221,"baseline",TRUE
1000,1e+06,0.1,31622776.6016838,1e+05,1.55545719470784,"N_ch",FALSE,0.0130795410305725,"k_off",FALSE
1000,1e+06,0.2,44721359.5499958,1e+05,0.97005517834523,"baseline",FALSE,0.0119182401550238,"baseline",FALSE
1000,1e+06,0.5,70710678.1186548,1e+05,2.00407565537552,"baseline",TRUE,0.0243756920211456,"baseline",TRUE
1000,1e+06,1,1e+08,1e+05,4.47376896360477,"i",FALSE,0.0204801488943676,"i",FALSE
2000,0.05,0.01,1,0.005,0.00046681726930972,"S",FALSE,0.0134952637801685,"S",FALSE
2000,0.05,0.02,1.4142135623731,0.005,0.00118227774172509,"S",TRUE,0.0214709940330201,"S",TRUE
2000,0.05,0.05,2.23606797749979,0.005,0.00168399489392325,"S",FALSE,0.017653781578192,"S",FALSE
2000,0.05,0.1,3.16227766016838,0.005,0.00038806065261239,"N_ch",FALSE,0.00529456894745727,"i",FALSE
2000,0.05,0.2,4.47213595499958,0.005,0.00352883163158034,"S",FALSE,0.0249978840552235,"k_off",TRUE
2000,0.05,0.5,7.07106781186548,0.005,0.00276257946373116,"S",FALSE,0.0111125829018725,"i",FALSE
2000,0.05,1,10,0.005,0.00214362948686038,"S",FALSE,0.0148358271109524,"k_on",FALSE
2000,0.1,0.01,2,0.01,0.00063085414672137,"N_ch",FALSE,0.0166524286831646,"S",FALSE
2000,0.1,0.02,2.82842712474619,0.01,0.0001347754992461,"S",FALSE,0.00343960652427635,"baseline",FALSE
2000,0.1,0.05,4.47213595499958,0.01,0.00096826979116522,"i",FALSE,0.0242326611283648,"baseline",TRUE
2000,0.1,0.1,6.32455532033676,0.01,0.0011156951062966,"S",FALSE,0.0137762832436631,"baseline",FALSE
2000,0.1,0.2,8.94427190999916,0.01,0.0008938286117563,"N_ch",FALSE,0.0109606134763144,"baseline",FALSE
2000,0.1,0.5,14.142135623731,0.01,0.00112899952989957,"S",FALSE,0.00535167297603192,"i",FALSE
2000,0.1,1,20,0.01,0.00318185846314853,"N_ch",FALSE,0.0145411132289987,"i",FALSE
2000,0.2,0.01,4,0.02,0.00099085284062074,"k_on",TRUE,0.0213934674389254,"k_on",TRUE
2000,0.2,0.02,5.65685424949238,0.02,0.00105342123933171,"N_ch",TRUE,0.0191293880626759,"N_ch",TRUE
2000,0.2,0.05,8.94427190999916,0.02,0.0011012502912235,"S",FALSE,0.0198067332333036,"i",FALSE
2000,0.2,0.1,12.6491106406735,0.02,0.00141034945603796,"S",FALSE,0.0104449506603167,"S",FALSE
2000,0.2,0.2,17.8885438199983,0.02,0.00455461865388748,"S",TRUE,0.0234898738482962,"S",TRUE
2000,0.2,0.5,28.2842712474619,0.02,0.00132108178141915,"N_ch",FALSE,0.0125659955989695,"baseline",FALSE
2000,0.2,1,40,0.02,0.00344240514306306,"S",FALSE,0.00792643963365231,"S",FALSE
2000,0.5,0.01,10,0.05,0.00100146642889699,"N_ch",FALSE,0.0176366393151694,"N_ch",FALSE
2000,0.5,0.02,14.142135623731,0.05,0.00090184838841784,"k_on",FALSE,0.0228894600236188,"k_off",TRUE
2000,0.5,0.05,22.3606797749979,0.05,0.00083008285142354,"i",FALSE,0.0140165816464666,"i",FALSE
2000,0.5,0.1,31.6227766016838,0.05,0.00316328006618819,"S",TRUE,0.0241940773609394,"S",TRUE
2000,0.5,0.2,44.7213595499958,0.05,0.0022445064012068,"baseline",TRUE,0.0327033692311775,"baseline",TRUE
2000,0.5,0.5,70.7106781186548,0.05,0.00231667320831605,"S",FALSE,0.0123156198668667,"baseline",FALSE
2000,0.5,1,100,0.05,0.00425439290566706,"S",FALSE,0.0194823728573204,"baseline",FALSE
2000,1,0.01,20,0.1,0.00072791142244631,"k_on",FALSE,0.0156375630189566,"k_on",FALSE
2000,1,0.02,28.2842712474619,0.1,0.00161036213888391,"baseline",FALSE,0.0235259305028575,"k_on",FALSE
2000,1,0.05,44.7213595499958,0.1,0.00100549865359277,"N_ch",FALSE,0.0138019143560538,"N_ch",FALSE
2000,1,0.1,63.2455532033676,0.1,0.00129815168969142,"N_ch",FALSE,0.0149869201313056,"N_ch",FALSE
2000,1,0.2,89.4427190999916,0.1,0.0010106796602348,"baseline",FALSE,0.0137524492498527,"k_on",FALSE
2000,1,0.5,141.42135623731,0.1,0.00056604781418404,"k_on",FALSE,0.0206651439789354,"k_off",FALSE
2000,1,1,200,0.1,0.00403590429902616,"S",FALSE,0.0161118506413738,"i",FALSE
2000,10,0.01,200,1,0.00189291415131603,"baseline",FALSE,0.0185407365844511,"k_off",FALSE
2000,10,0.02,282.842712474619,1,0.00186909268964686,"baseline",FALSE,0.0250372048919358,"k_off",TRUE
2000,10,0.05,447.213595499958,1,0.0011196541924804,"i",FALSE,0.0121718914932589,"i",FALSE
2000,10,0.1,632.455532033676,1,0.00230942159995317,"baseline",FALSE,0.0102408447419793,"S",FALSE
2000,10,0.2,894.427190999916,1,0.00155361382718853,"baseline",FALSE,0.0113954194992343,"N_ch",FALSE
2000,10,0.5,1414.2135623731,1,0.00376439661019582,"baseline",FALSE,0.0143894690745718,"k_on",FALSE
2000,10,1,2000,1,0.00945416952780517,"S",TRUE,0.0218191213135867,"S",TRUE
5000,0.05,0.01,2.5,0.005,0.00031368491874365,"N_ch",FALSE,0.0126115282788676,"baseline",FALSE
5000,0.05,0.02,3.53553390593274,0.005,0.00047821271304968,"S",FALSE,0.0106866769522208,"k_off",FALSE
5000,0.05,0.05,5.59016994374947,0.005,0.00059187278468404,"S",FALSE,0.0219753044195972,"baseline",TRUE
5000,0.05,0.1,7.90569415042095,0.005,0.00084309640961034,"N_ch",FALSE,0.0174737776089271,"baseline",FALSE
5000,0.05,0.2,11.1803398874989,0.005,0.0023732150292024,"S",FALSE,0.0206451301867403,"k_on",TRUE
5000,0.05,0.5,17.6776695296637,0.005,0.00467163625188147,"S",FALSE,0.0209555529328941,"N_ch",TRUE
5000,0.05,1,25,0.005,0.00321662052296174,"S",FALSE,0.0124884859805793,"baseline",FALSE
5000,0.1,0.01,5,0.01,0.00022370668067477,"k_on",FALSE,0.00917336589351357,"k_off",FALSE
5000,0.1,0.02,7.07106781186548,0.01,0.00054848258598737,"k_on",TRUE,0.0185627440926429,"k_on",TRUE
5000,0.1,0.05,11.1803398874989,0.01,0.00120535895425084,"S",FALSE,0.0125726356220345,"S",FALSE
5000,0.1,0.1,15.8113883008419,0.01,0.00095031243358123,"S",FALSE,0.00920666022226456,"k_on",FALSE
5000,0.1,0.2,22.3606797749979,0.01,0.00110718322428804,"S",FALSE,0.00570103182892177,"S",FALSE
5000,0.1,0.5,35.3553390593274,0.01,0.00077434475670338,"N_ch",FALSE,0.0123582312997561,"baseline",FALSE
5000,0.1,1,50,0.01,0.00194545915908872,"S",FALSE,0.00931928188636352,"k_off",FALSE
5000,0.2,0.01,10,0.02,0.00058352146365738,"baseline",FALSE,0.0134409102515162,"baseline",FALSE
5000,0.2,0.02,14.142135623731,0.02,0.00085569346923413,"S",FALSE,0.0161188534937061,"S",FALSE
5000,0.2,0.05,22.3606797749979,0.02,0.00035765432824209,"baseline",FALSE,0.00823645083059811,"baseline",FALSE
5000,0.2,0.1,31.6227766016838,0.02,0.00213026594965177,"S",FALSE,0.0155761945267997,"S",FALSE
5000,0.2,0.2,44.7213595499958,0.02,0.00366008628246713,"S",TRUE,0.0252170341197046,"baseline",TRUE
5000,0.2,0.5,70.7106781186548,0.02,0.00332515596995765,"i",TRUE,0.0216133082417934,"i",TRUE
5000,0.2,1,100,0.02,0.00945650137182567,"S",TRUE,0.0331424641559055,"k_on",TRUE
5000,0.5,0.01,25,0.05,0.00066099255224666,"N_ch",FALSE,0.0175598652371474,"i",FALSE
5000,0.5,0.02,35.3553390593274,0.05,0.00141192484782423,"baseline",TRUE,0.0205730624973132,"baseline",TRUE
5000,0.5,0.05,55.9016994374947,0.05,0.00098279740963352,"baseline",FALSE,0.0143172155408287,"baseline",FALSE
5000,0.5,0.1,79.0569415042095,0.05,0.00062551118893378,"baseline",FALSE,0.0167433173347743,"k_off",FALSE
5000,0.5,0.2,111.803398874989,0.05,0.00124315170955918,"N_ch",FALSE,0.0122569582604903,"N_ch",FALSE
5000,0.5,0.5,176.776695296637,0.05,0.00053668775358377,"i",FALSE,0.0122950312537431,"k_off",FALSE
5000,0.5,1,250,0.05,0.00875023957369555,"S",FALSE,0.0262253209979696,"i",TRUE
5000,1,0.01,50,0.1,0.00055265937637649,"baseline",FALSE,0.00569829745402939,"baseline",FALSE
5000,1,0.02,70.7106781186548,0.1,0.00045293619950246,"N_ch",FALSE,0.0164784851879695,"k_off",FALSE
5000,1,0.05,111.803398874989,0.1,0.00259873986332123,"baseline",TRUE,0.0267783429614807,"baseline",TRUE
5000,1,0.1,158.113883008419,0.1,0.00052477139628487,"baseline",FALSE,0.0164951116289573,"k_off",FALSE
5000,1,0.2,223.606797749979,0.1,0.00221028566872796,"S",FALSE,0.0141508677825962,"k_on",FALSE
5000,1,0.5,353.553390593274,0.1,0.00192587997253325,"baseline",TRUE,0.0198378229952153,"baseline",TRUE
5000,1,1,500,0.1,0.00170657548093569,"N_ch",FALSE,0.0094387435827768,"k_on",FALSE
5000,10,0.01,500,1,0.00567023087266972,"baseline",FALSE,0.0185814090225371,"baseline",FALSE
5000,10,0.02,707.106781186548,1,0.00068544675283221,"k_on",TRUE,0.0230581012532394,"k_on",TRUE
5000,10,0.05,1118.03398874989,1,0.00147485321483083,"baseline",FALSE,0.0174746536041657,"k_on",FALSE
5000,10,0.1,1581.13883008419,1,0.00259750611884284,"baseline",FALSE,0.00849555934587868,"baseline",FALSE
5000,10,0.2,2236.06797749979,1,0.00439397085074088,"baseline",FALSE,0.0184877373692389,"k_on",FALSE
5000,10,0.5,3535.53390593274,1,0.0046893666736371,"baseline",FALSE,0.0153147513190302,"baseline",FALSE
5000,10,1,5000,1,0.00636328245664095,"baseline",FALSE,0.0207669085635439,"baseline",FALSE
10000,0.05,0.01,5,0.005,0.00052651427150632,"N_ch",FALSE,0.0182020088706027,"k_off",FALSE
10000,0.05,0.02,7.07106781186548,0.005,0.00054765976633028,"N_ch",FALSE,0.0150278688797554,"N_ch",FALSE
10000,0.05,0.05,11.1803398874989,0.005,0.00085501886247234,"S",FALSE,0.0149564412883789,"k_on",FALSE
10000,0.05,0.1,15.8113883008419,0.005,0.00093946212350379,"S",FALSE,0.0287012121207039,"k_off",TRUE
10000,0.05,0.2,22.3606797749979,0.005,0.00170163330125461,"S",FALSE,0.0193171718080736,"k_on",TRUE
10000,0.05,0.5,35.3553390593274,0.005,0.00358072208566931,"S",FALSE,0.0116600747609913,"S",FALSE
10000,0.05,1,50,0.005,0.00576087969456411,"S",FALSE,0.0132649157437729,"S",FALSE
10000,0.1,0.01,10,0.01,0.0003347574759552,"S",FALSE,0.0106123161481113,"N_ch",FALSE
10000,0.1,0.02,14.142135623731,0.01,0.00049013695127204,"baseline",FALSE,0.0159615327572221,"baseline",FALSE
10000,0.1,0.05,22.3606797749979,0.01,0.00105214018967746,"S",FALSE,0.0160508487256019,"baseline",FALSE
10000,0.1,0.1,31.6227766016838,0.01,0.00066251584587676,"i",FALSE,0.0095646329607183,"i",FALSE
10000,0.1,0.2,44.7213595499958,0.01,0.001373280267792,"S",FALSE,0.0087533169938665,"baseline",FALSE
10000,0.1,0.5,70.7106781186548,0.01,0.00049285873782361,"S",FALSE,0.0126270147831119,"baseline",FALSE
10000,0.1,1,100,0.01,0.00243590636894074,"S",FALSE,0.019589724017114,"k_off",TRUE
10000,0.2,0.01,20,0.02,0.00034895951101858,"k_on",FALSE,0.0169113134794516,"k_off",FALSE
10000,0.2,0.02,28.2842712474619,0.02,0.00054573644687557,"S",FALSE,0.0163494224205595,"k_on",FALSE
10000,0.2,0.05,44.7213595499958,0.02,0.00282363938063596,"S",TRUE,0.0294479248830331,"S",TRUE
10000,0.2,0.1,63.2455532033676,0.02,0.00085388591317797,"N_ch",FALSE,0.0185134053271615,"k_on",FALSE
10000,0.2,0.2,89.4427190999916,0.02,0.0017509021797047,"i",FALSE,0.0179557125325261,"i",FALSE
10000,0.2,0.5,141.42135623731,0.02,0.00614143648008619,"S",FALSE,0.0222557364279577,"k_on",TRUE
10000,0.2,1,200,0.02,0.00132701600848476,"N_ch",FALSE,0.0109024262207566,"baseline",FALSE
10000,0.5,0.01,50,0.05,0.00050967486616167,"baseline",FALSE,0.0134292735129972,"N_ch",FALSE
10000,0.5,0.02,70.7106781186548,0.05,0.00111647168314577,"N_ch",TRUE,0.0292326602072723,"i",TRUE
10000,0.5,0.05,111.803398874989,0.05,0.00152293463775497,"S",FALSE,0.0163166478789519,"S",FALSE
10000,0.5,0.1,158.113883008419,0.05,0.00171843073957821,"S",FALSE,0.0128513282581679,"baseline",FALSE
10000,0.5,0.2,223.606797749979,0.05,0.00195889734994797,"S",FALSE,0.0134273913044915,"k_on",FALSE
10000,0.5,0.5,353.553390593274,0.05,0.00479180662144795,"S",FALSE,0.0156039046727699,"S",FALSE
10000,0.5,1,500,0.05,0.00295687595793288,"S",FALSE,0.00920197468932099,"baseline",FALSE
10000,1,0.01,100,0.1,0.00092324197287544,"baseline",FALSE,0.0209298487637914,"S",TRUE
10000,1,0.02,141.42135623731,0.1,0.00047960879418272,"baseline",FALSE,0.0153745161589063,"k_on",FALSE
10000,1,0.05,223.606797749979,0.1,0.00227302124678518,"S",TRUE,0.0252618197787051,"S",TRUE
10000,1,0.1,316.227766016838,0.1,0.0017187935315175,"S",FALSE,0.0172224577477076,"baseline",FALSE
10000,1,0.2,447.213595499958,0.1,0.00141389723758125,"S",FALSE,0.0109304045116455,"i",FALSE
10000,1,0.5,707.106781186548,0.1,0.00054775888654284,"S",FALSE,0.0109974964420754,"k_off",FALSE
10000,1,1,1000,0.1,0.00721626154431596,"S",FALSE,0.0234464125433437,"baseline",TRUE
10000,10,0.01,1000,1,0.00065510178404547,"baseline",FALSE,0.00764987659619468,"k_off",FALSE
10000,10,0.02,1414.2135623731,1,0.00355770419357663,"baseline",FALSE,0.0181437073905586,"k_off",FALSE
10000,10,0.05,2236.06797749979,1,0.00393374142541902,"baseline",FALSE,0.0128471079297608,"baseline",FALSE
10000,10,0.1,3162.27766016838,1,0.00226587813998772,"baseline",FALSE,0.00739552410832427,"baseline",FALSE
10000,10,0.2,4472.13595499958,1,0.00298330089658377,"baseline",FALSE,0.0177788386111094,"k_on",FALSE
10000,10,0.5,7071.06781186548,1,0.00472335341716932,"S",FALSE,0.0154184082226692,"S",FALSE
10000,10,1,10000,1,0.00413067271501273,"i",FALSE,0.0189265550941903,"i",FALSE
10000,100,0.01,10000,10,0.00785756703700107,"baseline",FALSE,0.00824545476495792,"baseline",FALSE
10000,100,0.02,14142.135623731,10,0.00879826777152307,"baseline",FALSE,0.018677930783867,"N_ch",FALSE
10000,100,0.05,22360.6797749979,10,0.00336102288214674,"baseline",FALSE,0.00913312185016969,"S",FALSE
10000,100,0.1,31622.7766016838,10,0.00136576110728711,"S",FALSE,0.0142797363002528,"S",FALSE
10000,100,0.2,44721.3595499958,10,0.0018986366365727,"N_ch",FALSE,0.0146665817736332,"N_ch",FALSE
10000,100,0.5,70710.6781186548,10,0.00293270573899819,"S",FALSE,0.0127441861029445,"k_off",FALSE
10000,100,1,1e+05,10,0.00436832299073296,"baseline",FALSE,0.0177545101572282,"k_on",FALSE
10000,1000,0.01,1e+05,100,0.0395345347523727,"baseline",FALSE,0.0138438244941128,"baseline",FALSE
10000,1000,0.02,141421.356237309,100,0.0193327393510907,"baseline",FALSE,0.0118273116284678,"k_off",FALSE
10000,1000,0.05,223606.797749979,100,0.0125794022578182,"baseline",FALSE,0.0121708037256711,"i",FALSE
10000,1000,0.1,316227.766016838,100,0.0376412004639067,"baseline",FALSE,0.0152534113563201,"k_off",FALSE
10000,1000,0.2,447213.595499958,100,0.0204559201437315,"baseline",FALSE,0.0131521755589691,"k_on",FALSE
10000,1000,0.5,707106.781186548,100,0.0326600450393574,"baseline",FALSE,0.011300429994822,"baseline",FALSE
10000,1000,1,1e+06,100,0.0142214457859694,"baseline",FALSE,0.0220275458365019,"k_on",TRUE
10000,10000,0.01,1e+06,1000,0.064512091743296,"baseline",FALSE,0.0184617314166632,"S",FALSE
10000,10000,0.02,1414213.56237309,1000,0.0518893950677919,"baseline",FALSE,0.0158411811359196,"k_on",FALSE
10000,10000,0.05,2236067.97749979,1000,0.0190600160363291,"baseline",FALSE,0.0208365105684047,"k_on",TRUE
10000,10000,0.1,3162277.66016838,1000,0.0083577324170928,"baseline",FALSE,0.0153864320673883,"i",FALSE
10000,10000,0.2,4472135.95499958,1000,0.0114872525201047,"N_ch",TRUE,0.0269008480001538,"N_ch",TRUE
10000,10000,0.5,7071067.81186548,1000,0.0267290802646351,"baseline",FALSE,0.00841497569921461,"k_off",FALSE
10000,10000,1,1e+07,1000,0.0173073544603004,"baseline",FALSE,0.0188949111412341,"k_on",FALSE
10000,1e+05,0.01,1e+07,10000,0.0156165192373996,"baseline",FALSE,0.0131499776547277,"S",FALSE
10000,1e+05,0.02,14142135.623731,10000,0.324383170884468,"baseline",FALSE,0.0150666044060893,"S",FALSE
10000,1e+05,0.05,22360679.7749979,10000,0.174278447773191,"baseline",FALSE,0.0224852626821454,"i",TRUE
10000,1e+05,0.1,31622776.6016838,10000,0.148701126375943,"baseline",FALSE,0.025543653874102,"i",TRUE
10000,1e+05,0.2,44721359.5499958,10000,0.316491685346945,"baseline",FALSE,0.0122421852660067,"baseline",FALSE
10000,1e+05,0.5,70710678.1186548,10000,0.149762049664582,"baseline",FALSE,0.0198164660825828,"k_off",TRUE
10000,1e+05,1,1e+08,10000,0.142746817570824,"baseline",FALSE,0.00936752548155447,"k_on",FALSE
10000,1e+06,0.01,1e+08,1e+05,1.26486663754994,"baseline",FALSE,0.0236608964167348,"k_off",TRUE
10000,1e+06,0.02,141421356.23731,1e+05,0.296518443048748,"baseline",FALSE,0.0195237133923114,"S",TRUE
10000,1e+06,0.05,223606797.749979,1e+05,2.48824283681324,"baseline",TRUE,0.0306239908403415,"baseline",TRUE
10000,1e+06,0.1,316227766.016838,1e+05,0.587005285179106,"baseline",FALSE,0.0106030841886711,"k_off",FALSE
10000,1e+06,0.2,447213595.499958,1e+05,0.59425948790764,"baseline",FALSE,0.0286487234487074,"S",TRUE
10000,1e+06,0.5,707106781.186548,1e+05,1.52324846783605,"baseline",FALSE,0.0235125138855389,"k_off",TRUE
10000,1e+06,1,1e+09,1e+05,0.949905190343555,"baseline",FALSE,0.0238794442983756,"i",FALSE
10000,1e+07,0.01,1e+09,1e+06,2.01793240491104,"N_ch",FALSE,0.0137317090371224,"N_ch",FALSE
10000,1e+07,0.02,1414213562.3731,1e+06,1.52140720340528,"baseline",FALSE,0.00909108327762799,"k_on",FALSE
10000,1e+07,0.05,2236067977.49979,1e+06,1.62881488112404,"baseline",FALSE,0.0129786115692565,"S",FALSE
10000,1e+07,0.1,3162277660.16838,1e+06,4.25685089953916,"baseline",FALSE,0.016566898545983,"baseline",FALSE
10000,1e+07,0.2,4472135954.99958,1e+06,1.48990308535155,"baseline",FALSE,0.0241444172792914,"S",TRUE
10000,1e+07,0.5,7071067811.86548,1e+06,2.27855345189037,"baseline",FALSE,0.00876397406839173,"baseline",FALSE
10000,1e+07,1,1e+10,1e+06,5.70279462601788,"baseline",TRUE,0.0217047819359505,"k_off",FALSE
