nch,z,interval,q,se_q
5,0.1,0.01,0.09066861115554033,0.008758689787528992
5,0.1,0.02,0.05679523624342351,0.006303608344782868
5,0.1,0.05,0.05388840052149097,0.005471322786602285
5,0.1,0.1,0.04474526716501573,0.0049730358399364336
5,0.1,0.2,0.05737667014987341,0.004981446860736548
5,0.1,0.5,0.0760660493936379,0.005723760429309785
5,0.1,1,0.06640993249010656,0.007571440008671392
5,1,0.01,0.014933114138885954,0.004547731678242998
5,1,0.02,0.010016360244252533,0.002501881304350079
5,1,0.05,0.011392720957370685,0.0026453222494476313
5,1,0.1,0.007792477496958437,0.0026250455916675573
5,1,0.2,0.011005010355834243,0.0027958968505566433
5,1,0.5,0.011067034729799342,0.005111820740720621
5,1,1,0.008685464601981292,0.0023955294980573115
10,0.05,0.01,0.049147810227220035,0.006042081242812458
10,0.05,0.02,0.04704321773412953,0.006293285369112126
10,0.05,0.05,0.032739914203056615,0.0050559294148021
10,0.05,0.1,0.04420314291692784,0.003865718012718085
10,0.05,0.2,0.05626858998046317,0.004333851047656866
10,0.05,0.5,0.060479323403485066,0.005031572224571179
10,0.05,1,0.05187137705077335,0.006007847325407493
10,0.1,0.01,0.0426213078372117,0.005329709324216262
10,0.1,0.02,0.03323297955818138,0.004054906282436023
10,0.1,0.05,0.02886508886855666,0.0038916174551550196
10,0.1,0.1,0.027938421588611498,0.004777741020570094
10,0.1,0.2,0.04833648787273285,0.004168211368208197
10,0.1,0.5,0.04897811606668667,0.004887346609048861
10,0.1,1,0.031684441846768135,0.005556083931488357
10,0.2,0.01,0.024063959643789972,0.003932989089595612
10,0.2,0.02,0.02494178125700803,0.003989831564009416
10,0.2,0.05,0.017205779000015745,0.004166538925734597
10,0.2,0.1,0.020217936980383596,0.0032099164372170197
10,0.2,0.2,0.024761399156411235,0.0038946220378491096
10,0.2,0.5,0.024845367028524325,0.004311310732650319
10,0.2,1,0.02435047287102298,0.0034756451962143836
10,0.5,0.01,0.016113492255325695,0.0032374992811187876
10,0.5,0.02,0.01012357286611919,0.003233891342547618
10,0.5,0.05,0.011168178443598784,0.003995646279683931
10,0.5,0.1,0.010345339505673767,0.00267854617865474
10,0.5,0.2,0.014605399752008547,0.0024981338894079132
10,0.5,0.5,0.01753179114167852,0.004020127879038831
10,0.5,1,0.012763448881405128,0.0025349231921471898
10,1,0.01,0.006034715231936045,0.0015682014462233156
10,1,0.02,0.006914244054045836,0.002018219032784399
10,1,0.05,0.0034118248896069093,0.0017279329449790227
10,1,0.1,0.005571938795860806,0.002449106819052489
10,1,0.2,0.003757672763458771,0.0011339665496890219
10,1,0.5,0.0068924160678409205,0.0023702922421971165
10,1,1,0.00601201166599111,0.0021342226593460273
10,10,0.01,3.0230175294782024e-4,0.0027973055644335753
10,10,0.02,0.0014945512185605395,0.004072177794574915
10,10,0.05,8.335210903024913e-4,0.004912759764119068
10,10,0.1,4.251249325366649e-4,0.00200065921786131
10,10,0.2,8.534140676493643e-4,0.0012360168338477124
10,10,0.5,6.442191011819374e-4,0.001087416645890518
10,10,1,7.364856656704375e-4,6.223423154456995e-4
10,100,0.01,4.967928637003588e-4,0.008646153047355599
10,100,0.02,7.852696045050014e-5,0.003946609507869757
10,100,0.05,3.624205551696451e-4,0.0011323203813367315
10,100,0.1,0.0014289822484868824,0.001984471596033365
10,100,0.2,0.0011985341859715962,0.00142677711886676
10,100,0.5,5.550080829453472e-4,0.005267787856589496
10,100,1,4.805290678817343e-4,0.005805060455105289
10,1000,0.01,4.647691078452415e-4,0.015647758335782896
10,1000,0.02,9.179351704684252e-4,0.009749725971753682
10,1000,0.05,5.745738024364804e-4,0.007108338311094134
10,1000,0.1,6.481374075143555e-4,0.005719875274895623
10,1000,0.2,7.044298235988373e-4,0.023401023894394163
10,1000,0.5,8.288049763549738e-4,0.012338119022740256
10,1000,1,1.7195377028574851e-4,0.005668174524869054
10,10000,0.01,6.296841520550676e-4,0.012961280716796258
10,10000,0.02,1.426094835728449e-4,0.008206896086287479
10,10000,0.05,1.8204756772901976e-4,0.005813965378555018
10,10000,0.1,0.0011203648387653109,0.01766704998692141
10,10000,0.2,0.0013939812627702035,0.0499373302696759
10,10000,0.5,2.8305057923971633e-4,0.051950911186393556
10,10000,1,0.0010170728952672706,0.018527132014716955
20,0.05,0.01,0.0333412205520283,0.004410724247899561
20,0.05,0.02,0.028311749084309015,0.005104904538522377
20,0.05,0.05,0.02499269432088793,0.0034568353433281737
20,0.05,0.1,0.02340881383591559,0.004380666356262937
20,0.05,0.2,0.037243043334904885,0.003989347653800783
20,0.05,0.5,0.02938446745526653,0.004625770212894081
20,0.05,1,0.01667853157467779,0.0027231068092907758
20,0.1,0.01,0.023664760508213634,0.003907195902414954
20,0.1,0.02,0.022388741273022938,0.004091515656630042
20,0.1,0.05,0.01511576942094672,0.0030003084864484845
20,0.1,0.1,0.014366966034132842,0.002457845031431832
20,0.1,0.2,0.02768343175201385,0.0040787704904225956
20,0.1,0.5,0.022700851270511326,0.003067561884123855
20,0.1,1,0.012815449130024196,0.0028984754566714704
20,0.2,0.01,0.017681876182295664,0.003268498887967286
20,0.2,0.02,0.015202360263579228,0.003310801875205692
20,0.2,0.05,0.01122119929369975,0.004966490813675427
20,0.2,0.1,0.013050448205582346,0.002355824715673924
20,0.2,0.2,0.011730473281287587,0.0021348527631112036
20,0.2,0.5,0.014195317916485527,0.0030828756515684664
20,0.2,1,0.008000283743511102,0.001975274426050143
20,0.5,0.01,0.003453193758771526,0.0016912525960354728
20,0.5,0.02,0.0066848691867714746,0.003550825874775848
20,0.5,0.05,0.007351348802275332,0.0029509736695747402
20,0.5,0.1,0.00553551564261996,0.0027521508797319788
20,0.5,0.2,0.007935708164671068,0.0019361814004953835
20,0.5,0.5,0.006730124577553816,0.0032483868744079894
20,0.5,1,0.004783868130201972,0.0038026463125574246
20,1,0.01,0.004977664623432654,0.0035785263685123568
20,1,0.02,0.003700884103895173,0.0016813396224165617
20,1,0.05,0.0023568789667368227,0.004127011267501615
20,1,0.1,0.0019588879868396155,0.0024320565355097686
20,1,0.2,0.002967751838808773,0.001943206707788135
20,1,0.5,0.004326908452240951,0.002588022514466446
20,1,1,0.0033035390779116492,0.004281112773175829
20,10,0.01,7.744054304836039e-4,0.00462423658718807
20,10,0.02,4.226740415344139e-4,0.001010792361976991
20,10,0.05,6.716339515243146e-4,0.0032281785541236024
20,10,0.1,2.0691979705536628e-4,0.002292292389820559
20,10,0.2,5.753838121995354e-4,7.271275348439612e-4
20,10,0.5,9.211812768521721e-4,0.003030213102862311
20,10,1,4.258463737794026e-4,0.004485083260933286
50,0.05,0.01,0.010657206723182404,0.0028954350989321
50,0.05,0.02,0.00911654842380544,0.0025674444860030975
50,0.05,0.05,0.007129773728500131,0.0036731912138876794
50,0.05,0.1,0.007066687303840042,0.0018659526571903737
50,0.05,0.2,0.008680206394674766,0.002456229548183801
50,0.05,0.5,0.007444900310190701,0.002812556665018672
50,0.05,1,0.002837915903589405,0.002295322804237819
50,0.1,0.01,0.006938835131923658,0.002470643714496088
50,0.1,0.02,0.006396909045251206,0.0018720795048789577
50,0.1,0.05,0.0060190362781221566,0.0018475206454227186
50,0.1,0.1,0.005454481166082668,0.0017096834135178376
50,0.1,0.2,0.008368463449072603,0.0019266934588642731
50,0.1,0.5,0.0032689445293990174,0.0015119018551007478
50,0.1,1,0.002597098306521399,0.0063034292290032965
50,0.2,0.01,0.007669681889238715,0.002012744861994103
50,0.2,0.02,0.004271854743052313,0.0023385878792999072
50,0.2,0.05,0.003779316558359966,0.002157675816810624
50,0.2,0.1,0.0031748197588072455,0.0019888166568127683
50,0.2,0.2,0.0035244038765970378,0.0012891786520431692
50,0.2,0.5,0.002468209066672846,0.001090110714623473
50,0.2,1,9.827559827646473e-4,0.0016407136983614594
50,0.5,0.01,0.0025323494093400702,0.00208144079601445
50,0.5,0.02,0.0025262894373070965,0.001203432874767559
50,0.5,0.05,0.0014951996976059721,0.0021021503977062582
50,0.5,0.1,0.003655973328925041,0.0015311459730119592
50,0.5,0.2,0.0044558236257129895,0.0025457192035704
50,0.5,0.5,0.0022936039458055983,0.0016444054249449827
50,0.5,1,0.0025510470266372565,9.93975517985163e-4
50,1,0.01,5.078281262457287e-4,0.0013979152009816812
50,1,0.02,0.002256633403245228,0.002441159707657092
50,1,0.05,3.515905198315626e-4,0.001085331241056172
50,1,0.1,4.385569681073144e-4,0.001180334339536646
50,1,0.2,0.002422295108910089,0.0013714172249436488
50,1,0.5,0.0014433838858551279,0.003996614381942244
50,1,1,7.872145154837668e-4,0.0032509032373007835
50,10,0.01,0.0014295477119125586,0.0011441870438274417
50,10,0.02,7.795334461962371e-4,0.005263898486062006
50,10,0.05,7.612502098400392e-4,5.017430357115513e-4
50,10,0.1,7.438613869076138e-4,0.007710534790710069
50,10,0.2,2.3142345751524354e-4,8.429490499333868e-4
50,10,0.5,4.482642147709979e-4,8.680882913189718e-4
50,10,1,3.6562202449797154e-4,0.0036827998951284068
100,0.05,0.01,0.003742646345106823,0.002497629168668697
100,0.05,0.02,0.0030652921386503254,0.00298095075911564
100,0.05,0.05,0.003637108300234766,0.002644981827273453
100,0.05,0.1,0.0020562739397432957,0.0012324730170473895
100,0.05,0.2,0.0014364923973760834,0.0013594079826176639
100,0.05,0.5,3.3867192119518656e-4,0.0022326248614538452
100,0.05,1,0.0016197145804880701,9.343587317448137e-4
100,0.1,0.01,0.0021185922975567617,0.002107558368624881
100,0.1,0.02,0.0032295885719667763,0.002281754442932165
100,0.1,0.05,0.001980324742994494,0.0025657600576236626
100,0.1,0.1,7.969521303941713e-4,9.068306647023402e-4
100,0.1,0.2,0.002730099369107479,0.0017952018424904222
100,0.1,0.5,0.001416504830841627,0.0018150686563711909
100,0.1,1,3.9179864574702335e-4,0.0012824355651005958
100,0.2,0.01,9.335890937804778e-4,0.0010148204376118285
100,0.2,0.02,0.001607433495670574,0.001427356101257183
100,0.2,0.05,0.001725511347956697,0.0023251897380925277
100,0.2,0.1,0.0011064735910558704,0.0019907406907918716
100,0.2,0.2,4.0948077481154467e-4,0.003281405610344259
100,0.2,0.5,0.0020694577133261462,0.00422532796872435
100,0.2,1,0.0018723885504265364,0.0010937765454093408
100,0.5,0.01,0.00206756861376235,0.0031757117373837447
100,0.5,0.02,8.297389836814396e-4,0.005791884110954418
100,0.5,0.05,9.168777272849189e-4,0.0014163398532872197
100,0.5,0.1,9.037456820450574e-4,0.0010598968548475747
100,0.5,0.2,0.0010836911077251065,0.0011060417148146414
100,0.5,0.5,9.709916819582454e-4,0.006902676669587005
100,0.5,1,3.354392865084086e-4,6.055141928302656e-4
100,1,0.01,0.0014085712488435644,0.0015534992208938191
100,1,0.02,0.0013905993071746448,0.0013660078667982582
100,1,0.05,2.8726835309974495e-4,8.6066778576008e-4
100,1,0.1,5.016941949038266e-4,0.00288177200786711
100,1,0.2,2.0084669822918215e-4,0.0023734416802225562
100,1,0.5,0.0012153629131338964,0.0021363376560805843
100,1,1,1.941008024401397e-4,3.1915576138261354e-4
100,10,0.01,5.549770999035765e-4,0.00396412417420074
100,10,0.02,3.4247976765425795e-4,0.004276157123816045
100,10,0.05,7.723933959258819e-4,8.503599959848103e-4
100,10,0.1,1.5790504037261328e-4,0.0015032971364520914
100,10,0.2,6.051267001464864e-4,0.0020500885906915255
100,10,0.5,5.228007000093971e-4,0.002047863442336418
100,10,1,3.1970168419538143e-4,0.0043585072058690355
100,100,0.01,2.086119382797903e-4,0.006294201777669878
100,100,0.02,3.6005542452487773e-4,0.006877312661921933
100,100,0.05,3.9208998758540596e-4,0.00513443816374481
100,100,0.1,7.070635362541633e-4,0.005997362326362185
100,100,0.2,7.599856819803241e-4,0.008538673637792683
100,100,0.5,2.129294946521589e-4,0.004865818513939663
100,100,1,1.0558122241615281e-4,0.003096387310555043
100,1000,0.01,0.00109524489377322,0.016990614294314015
100,1000,0.02,6.736408236546463e-4,0.0021977945602691157
100,1000,0.05,0.0010470718080465575,0.014623513995745087
100,1000,0.1,0.002199383907711851,0.001640513674403196
100,1000,0.2,3.8265755220330804e-4,0.004324720194302134
100,1000,0.5,2.8948349029290273e-4,0.011011230315235926
100,1000,1,9.253056387466363e-4,0.001158320953782882
100,10000,0.01,1.548724228221107e-4,0.0025920848268435816
100,10000,0.02,5.413886936989472e-4,0.028372227523207207
100,10000,0.05,2.9000234932582394e-4,0.015129284407349551
100,10000,0.1,3.638887695227996e-4,0.0030320133318582397
100,10000,0.2,3.064108170682424e-4,0.010896559645269472
100,10000,0.5,1.9343451352586222e-4,0.01611164806192305
100,10000,1,2.2664040569743846e-4,0.01774694322913566
100,100000,0.01,4.146559456175824e-4,0.07231525615097806
100,100000,0.02,0.001592887100250118,0.18829804735308628
100,100000,0.05,4.7881536932084274e-4,0.03958167802366192
100,100000,0.1,7.322133408891522e-4,0.09190561097890831
100,100000,0.2,7.313915286284466e-4,0.06732355371267855
100,100000,0.5,4.4867325203173594e-4,0.11248975584931499
100,100000,1,0.001289588538682794,0.10623971226345161
200,0.05,0.01,2.894717296244866e-4,5.272162019821071e-4
200,0.05,0.02,9.083445758056497e-4,0.0011648749368206538
200,0.05,0.05,6.607098124492161e-4,9.390833530659636e-4
200,0.05,0.1,8.645288564812076e-4,7.757527693884341e-4
200,0.05,0.2,4.698977575665963e-4,9.062754452431978e-4
200,0.05,0.5,5.730895250441255e-4,5.918579186659312e-4
200,0.05,1,0.0014436627190625242,0.0018654466798308689
200,0.1,0.01,8.771839603757759e-4,0.0013551569968966318
200,0.1,0.02,1.3359200887246088e-4,9.688005237762874e-4
200,0.1,0.05,3.1064443322998753e-4,0.0017779041962306004
200,0.1,0.1,2.9597819221802916e-4,0.001869864965519631
200,0.1,0.2,6.364308933462442e-4,0.0018755887571667068
200,0.1,0.5,5.707327554190223e-4,0.0019471905389867748
200,0.1,1,3.0265083188075017e-4,0.0036205459678530683
200,0.2,0.01,0.0011895167402140815,0.0016359942300639225
200,0.2,0.02,1.051900712889447e-4,7.971018271867042e-4
200,0.2,0.05,0.0012202535306416633,0.0052221661428943295
200,0.2,0.1,4.126336486772657e-4,0.0013064349440920823
200,0.2,0.2,0.001055637359461939,0.008216657729057117
200,0.2,0.5,6.473600016583976e-4,4.197959401613251e-4
200,0.2,1,6.757287305797427e-4,0.0031732008657130556
200,0.5,0.01,7.940735755482187e-4,7.63863564867943e-4
200,0.5,0.02,7.17795735265863e-4,7.993667557578124e-4
200,0.5,0.05,5.564847549153792e-4,0.001789086906579303
200,0.5,0.1,7.122266603494951e-4,0.0032329399121231784
200,0.5,0.2,0.0010977418792275384,7.271253887446221e-4
200,0.5,0.5,4.313142134120927e-4,0.0016554162011945866
200,0.5,1,3.3279018410695344e-4,7.685195496557823e-4
200,1,0.01,4.332997429319352e-4,4.8004537918763584e-4
200,1,0.02,0.0015022212422552623,6.557601211384516e-4
200,1,0.05,0.0010468893825963214,7.669348163859514e-4
200,1,0.1,3.98758910325377e-4,0.0014190026956844572
200,1,0.2,4.3930559979529776e-4,6.780154573291955e-4
200,1,0.5,5.340058265525948e-4,0.004918408969190238
200,1,1,9.94721469551616e-4,0.0032651324215940184
200,10,0.01,9.176343033577491e-4,0.005334999072657905
200,10,0.02,1.421881656709331e-4,0.001796696858005607
200,10,0.05,2.0995973995660458e-4,0.0021124243121512392
200,10,0.1,5.665454185168707e-4,0.0027089439706807442
200,10,0.2,1.8443520131661097e-4,3.3380687913517137e-4
200,10,0.5,1.72262114681345e-4,0.002834528652422376
200,10,1,5.469731522610065e-4,0.007189645783852849
500,0.05,0.01,6.014261167771313e-4,9.710432916563053e-4
500,0.05,0.02,6.20525262505848e-4,0.0011390296541346745
500,0.05,0.05,7.578862565693009e-4,0.0018090274618914794
500,0.05,0.1,6.208641558335488e-4,0.004146242239808688
500,0.05,0.2,4.5238846472654785e-4,0.0013497861273489395
500,0.05,0.5,6.359590200876259e-4,0.0036430817857548894
500,0.05,1,1.7459947321535714e-4,0.0027207419024368232
500,0.1,0.01,0.001765755686993534,0.0014759897584813457
500,0.1,0.02,0.0017182227940039819,0.00792117789589705
500,0.1,0.05,0.001625565297048328,0.002341703460903039
500,0.1,0.1,7.841442147507265e-4,0.002119842153549872
500,0.1,0.2,6.297500573272581e-4,0.006261316450746263
500,0.1,0.5,6.507381333113164e-4,0.0010553006435313362
500,0.1,1,3.13057128601394e-4,0.011709543317510262
500,0.2,0.01,4.379383680165084e-5,0.0010881235449320206
500,0.2,0.02,3.926833256151319e-4,7.666247902933038e-4
500,0.2,0.05,4.5650599150579035e-4,0.002529791866478825
500,0.2,0.1,1.3026629272448363e-4,4.937568273634208e-4
500,0.2,0.2,7.77192379310297e-4,5.540863957460299e-4
500,0.2,0.5,6.883726003622958e-4,0.004470194405481657
500,0.2,1,5.272026787891598e-4,0.0028175264617156808
500,0.5,0.01,4.6550160683030134e-4,7.057920860421307e-4
500,0.5,0.02,3.547068430185507e-4,0.0036501996423845616
500,0.5,0.05,3.923414265789006e-4,0.0015343163025240642
500,0.5,0.1,5.510851391449407e-4,0.0034232011180234737
500,0.5,0.2,1.8432018050156096e-4,0.001409268093492329
500,0.5,0.5,4.3013675728111966e-4,3.892793172237992e-4
500,0.5,1,0.0010471240916805505,0.005072702181114221
500,1,0.01,4.8471043724826105e-4,0.0016530492520357395
500,1,0.02,9.036282437298834e-4,0.0013239196597296815
500,1,0.05,3.4168108242524234e-4,0.0011754052735056
500,1,0.1,2.1787467566183085e-4,0.003092717757075514
500,1,0.2,2.8733138191831944e-4,0.00304941260396666
500,1,0.5,2.315405922838246e-4,0.0014104000068398473
500,1,1,4.305594290209868e-4,0.0020045207093838057
500,10,0.01,5.696179066316153e-4,4.802288052003872e-4
500,10,0.02,7.540805642315006e-4,0.007800382948073921
500,10,0.05,6.199133597878788e-4,0.004857862482530903
500,10,0.1,0.0011844400393193051,0.0067102146080324256
500,10,0.2,0.0010478482554466383,0.01158137311589599
500,10,0.5,3.8657389295028986e-4,0.009338053913926
500,10,1,3.4269899929317686e-4,0.007967558617339714
1000,0.05,0.01,0.0018450482401855403,0.0013830831136736374
1000,0.05,0.02,3.6393679246078545e-4,0.0015455540175989063
1000,0.05,0.05,4.1196439143305574e-4,0.00263996222116345
1000,0.05,0.1,7.916741972612921e-4,0.006354590130661934
1000,0.05,0.2,4.295134673813934e-4,0.0021324957740097403
1000,0.05,0.5,5.925349015733748e-4,0.0028463819980828415
1000,0.05,1,0.0010159449719733908,0.003024662022976782
1000,0.1,0.01,6.959722590914073e-4,0.003214090121350817
1000,0.1,0.02,5.031644385769223e-4,0.0012316371733972669
1000,0.1,0.05,4.94959284284086e-4,0.0016208892017075894
1000,0.1,0.1,7.080128713310406e-4,0.003568643924961193
1000,0.1,0.2,6.463152722467754e-4,0.0018877126380596515
1000,0.1,0.5,6.069822332263883e-4,0.011041963403607996
1000,0.1,1,9.358782033280215e-4,0.022375613318031017
1000,0.2,0.01,0.0019329094501273876,0.004064143787623606
1000,0.2,0.02,2.55111602627438e-4,0.0018360079576281692
1000,0.2,0.05,3.091194344176251e-4,0.002632445860288366
1000,0.2,0.1,1.8565253693183378e-4,0.0011899945082135843
1000,0.2,0.2,0.0028853003214211487,0.013933861862364897
1000,0.2,0.5,2.1417258189229327e-4,4.053981852929504e-4
1000,0.2,1,0.001178477541904818,0.0038223794133830863
1000,0.5,0.01,6.494898718897207e-4,9.129767970813949e-4
1000,0.5,0.02,7.458699685245424e-4,0.0038448259114553076
1000,0.5,0.05,5.375253567192521e-4,4.337550601521458e-4
1000,0.5,0.1,3.844817811604094e-4,0.004109681521237514
1000,0.5,0.2,3.115135460474956e-4,7.441223151143497e-4
1000,0.5,0.5,4.915301689535184e-4,6.57550004774861e-4
1000,0.5,1,4.4687384274271993e-4,0.00479346234340277
1000,1,0.01,8.529485551700957e-4,0.004905837119603189
1000,1,0.02,4.227523983491153e-4,0.00514429967635913
1000,1,0.05,3.6432443061733646e-4,0.00297852343995864
1000,1,0.1,3.3388861283710334e-4,0.0036989938071712073
1000,1,0.2,9.643448755081163e-4,0.001663527881620521
1000,1,0.5,9.996432950095382e-4,7.955488230510722e-4
1000,1,1,0.0010510422708813806,0.01490218295552237
1000,10,0.01,4.954407899778122e-4,0.0024301749941422275
1000,10,0.02,6.196167948484212e-4,0.0055937350909522725
1000,10,0.05,4.6163693206312457e-4,0.0011055153650152039
1000,10,0.1,4.25246715855653e-4,0.006993549024243491
1000,10,0.2,6.348624980107696e-4,0.003473869725358476
1000,10,0.5,6.872949309708062e-4,0.0014666638642475565
1000,10,1,9.759968908829731e-4,0.013557941853493304
1000,100,0.01,4.1369061182611086e-4,0.00448706580602518
1000,100,0.02,3.943745708714769e-4,0.006614543583956559
1000,100,0.05,7.719967308419055e-4,0.003978775495335916
1000,100,0.1,0.001052743727440462,0.009968107113306509
1000,100,0.2,3.652850116401476e-4,0.005668338872444367
1000,100,0.5,3.4883004607794897e-4,0.0055061209557089015
1000,100,1,3.2738012095745797e-4,0.006689309739018826
1000,1000,0.01,0.001063800057898262,0.01959148207276503
1000,1000,0.02,2.2048147975041698e-4,9.326702095200464e-4
1000,1000,0.05,2.766453873252157e-4,3.4712311437328197e-4
1000,1000,0.1,4.5930496199716894e-4,5.009085420601184e-4
1000,1000,0.2,6.95763593889628e-4,0.0030805276710501196
1000,1000,0.5,3.2460234979206153e-4,0.005664704459114659
1000,1000,1,9.055956636025806e-4,0.03528448273911396
1000,10000,0.01,6.266992060541326e-4,0.021157841370355382
1000,10000,0.02,5.147385285776028e-4,0.06278664007996561
1000,10000,0.05,4.2029075108813887e-4,0.044805949930108516
1000,10000,0.1,4.5771108849609074e-4,0.010975308869258392
1000,10000,0.2,6.352672343446895e-4,0.05917327167872086
1000,10000,0.5,6.094561748711659e-4,0.0045034421049123105
1000,10000,1,1.0592981346199288e-4,0.016600638869742886
1000,100000,0.01,5.823497889887046e-4,0.07861484541610984
1000,100000,0.02,1.5878152884595093e-4,0.029490751615949832
1000,100000,0.05,0.0014411054207254903,0.0678993654272432
1000,100000,0.1,9.931012689392222e-4,0.08907694034999461
1000,100000,0.2,4.54793532995548e-4,0.004141714524318939
1000,100000,0.5,1.487808449691116e-4,0.07821839939217212
1000,100000,1,0.0011816397063471667,0.03372966230187354
1000,1000000,0.01,2.686963079885683e-4,0.10613544405370545
1000,1000000,0.02,3.4058988744828454e-4,0.059285471569756464
1000,1000000,0.05,6.174264124824276e-4,0.02896582086069429
1000,1000000,0.1,3.3179976399902623e-4,0.13689384333596785
1000,1000000,0.2,4.670718869117201e-4,0.308427003021541
1000,1000000,0.5,6.107548679211139e-4,0.0698807970501055
1000,1000000,1,0.0011417463111090508,1.0416357573518253
2000,0.05,0.01,6.107954923507908e-4,0.0050530170007266765
2000,0.05,0.02,0.0011300009960254268,0.0058431354459818705
2000,0.05,0.05,3.4240374759816043e-4,8.548499694373587e-4
2000,0.05,0.1,4.210758566139474e-5,7.285155776853103e-4
2000,0.05,0.2,0.0015048736830840922,0.013072789711951551
2000,0.05,0.5,4.1746397676533433e-4,0.00808375984873101
2000,0.05,1,6.27451180901595e-4,0.023397592526929512
2000,0.1,0.01,5.215709958258957e-4,0.00239384211957653
2000,0.1,0.02,3.2746971854911186e-4,0.005657096227607166
2000,0.1,0.05,0.0012177359438579856,0.0015186766429023189
2000,0.1,0.1,3.2702040669879473e-4,4.930706541597183e-4
2000,0.1,0.2,2.5987337245168184e-4,0.00397357594594894
2000,0.1,0.5,7.822388655494095e-5,0.00428735895752471
2000,0.1,1,3.273727036547314e-4,0.005750125332395187
2000,0.2,0.01,8.475189634104258e-4,0.005066186839141037
2000,0.2,0.02,5.607494205879484e-4,0.0019710414764229655
2000,0.2,0.05,7.953833735676725e-4,0.001764997067888879
2000,0.2,0.1,2.572849036397714e-4,0.00395080218860207
2000,0.2,0.2,6.410134294820373e-4,0.003523691975784494
2000,0.2,0.5,3.244250210490274e-4,7.568661209695857e-4
2000,0.2,1,1.8149525119494302e-4,0.007270099744620405
2000,0.5,0.01,5.606509329312691e-4,9.394939323050304e-4
2000,0.5,0.02,9.215710282470755e-4,0.0010588547830402842
2000,0.5,0.05,5.191596795238278e-4,0.0018693124660684073
2000,0.5,0.1,9.807171904306913e-4,0.002177277295657447
2000,0.5,0.2,0.0021026036662643278,0.01820728511072624
2000,0.5,0.5,3.7270507282673095e-4,0.002468677576292555
2000,0.5,1,8.780713493726265e-4,0.007241394794784148
2000,1,0.01,6.521485642250783e-4,0.004573566320740072
2000,1,0.02,9.169528089253698e-4,0.002601893771123837
2000,1,0.05,5.09661615651881e-4,0.005308511328381772
2000,1,0.1,3.649664199543438e-4,0.0014453236432105123
2000,1,0.2,4.584291501956177e-4,0.005079048356809992
2000,1,0.5,5.935859927135073e-4,0.009781526079014183
2000,1,1,7.867600466691636e-4,0.010927876374688292
2000,10,0.01,4.8637835358032424e-4,0.0051003980521883065
2000,10,0.02,0.0011688877680836101,0.0075473513366930214
2000,10,0.05,4.380289528111983e-4,0.006068676942606941
2000,10,0.1,2.5352446749986893e-4,0.003510913846273944
2000,10,0.2,3.4049831243033595e-4,0.007792796468882829
2000,10,0.5,5.343920160090545e-4,8.393242398949123e-4
2000,10,1,7.709661078685264e-4,0.0015947750786771229
5000,0.05,0.01,5.072324845029154e-4,0.004791813204894749
5000,0.05,0.02,2.1951301372400502e-4,4.4689041814954496e-4
5000,0.05,0.05,5.454422455889533e-4,5.136298773097594e-4
5000,0.05,0.1,5.743010139616602e-4,0.0035238685336678203
5000,0.05,0.2,7.642012784049524e-4,0.002086627993752878
5000,0.05,0.5,8.874541642668615e-4,0.01744294362590286
5000,0.05,1,6.074155040144803e-4,8.056814237343296e-4
5000,0.1,0.01,2.1401900690622296e-4,0.0029617184764089708
5000,0.1,0.02,5.928745510097948e-4,0.005192129914755364
5000,0.1,0.05,6.016303444341265e-4,0.009170781736216651
5000,0.1,0.1,3.3385048867208995e-4,0.007895659614511755
5000,0.1,0.2,1.3060292199083945e-4,0.0075786512688161434
5000,0.1,0.5,8.937075708292562e-4,0.037663877221939264
5000,0.1,1,3.2605069020921447e-4,0.02693910112208197
5000,0.2,0.01,4.6564266845767777e-4,0.001899005241507944
5000,0.2,0.02,5.656145822574666e-4,0.002377585813402653
5000,0.2,0.05,2.1841871252151494e-4,0.002961735664954605
5000,0.2,0.1,5.918433061367089e-4,0.00609439189788725
5000,0.2,0.2,0.0018557819800472295,0.024510024341775537
5000,0.2,0.5,6.244769952741831e-4,0.001428626181453533
5000,0.2,1,0.0017541236995589858,9.371313962334329e-4
5000,0.5,0.01,3.36472315122091e-4,0.0010942252587245675
5000,0.5,0.02,6.920706120250527e-4,0.0035573205141767395
5000,0.5,0.05,4.227771331123861e-4,0.002756921882442924
5000,0.5,0.1,4.798177750880435e-4,0.005564490879621726
5000,0.5,0.2,3.34410766514485e-4,0.0013162607269392433
5000,0.5,0.5,3.124012665517832e-4,0.017175895093387027
5000,0.5,1,0.0012149742920502765,0.023772790711595573
5000,1,0.01,1.293871594356748e-4,0.0018860168737726624
5000,1,0.02,4.1894859676154723e-4,0.005603771594518991
5000,1,0.05,0.001486652420344497,0.005759792063452579
5000,1,0.1,3.688576117579835e-4,0.004778635410165285
5000,1,0.2,4.248096770108101e-4,0.005594068858685769
5000,1,0.5,4.510053504763187e-4,0.0028230640377223913
5000,1,1,2.9189223078767746e-4,0.003765297710631273
5000,10,0.01,5.042860705996166e-4,0.0026976368944030197
5000,10,0.02,6.579148053555175e-4,0.0022048385928278864
5000,10,0.05,8.441708732221948e-4,0.013988362956788184
5000,10,0.1,2.1448364782842763e-4,0.0011302346766721503
5000,10,0.2,6.879303653752084e-4,0.0027433753671338387
5000,10,0.5,4.8615444512562156e-4,0.015109540545075335
5000,10,1,9.878891068468587e-4,0.005424722268933749
10000,0.05,0.01,4.8137105507312436e-4,0.001195696980221551
10000,0.05,0.02,5.188821467227139e-4,0.0035134453344618515
10000,0.05,0.05,4.948370009350586e-4,0.007198284310223874
10000,0.05,0.1,0.001816821982204181,0.029177308523413478
10000,0.05,0.2,6.38265837220586e-4,0.002564205542932709
10000,0.05,0.5,3.896198186139859e-4,0.009279222578674013
10000,0.05,1,3.4180792824341574e-4,0.020192218668047778
10000,0.1,0.01,5.991353952618858e-4,0.005362909639005386
10000,0.1,0.02,6.272970506188194e-4,0.0070798564123943815
10000,0.1,0.05,7.542591697055336e-4,6.449827231772751e-4
10000,0.1,0.1,1.7405925786821217e-4,8.122938872307274e-4
10000,0.1,0.2,1.3434317626095344e-4,0.001454542405878651
10000,0.1,0.5,5.040337259013078e-4,0.03117282297660012
10000,0.1,1,8.033931624370783e-4,0.001319664060479568
10000,0.2,0.01,9.573984099180903e-4,0.005430492325781598
10000,0.2,0.02,5.575941851722933e-4,5.615058719006633e-4
10000,0.2,0.05,0.001324186329510164,0.0018744442333276793
10000,0.2,0.1,8.766354455895569e-4,0.011108832992293595
10000,0.2,0.2,5.090918192717369e-4,0.006495344647340353
10000,0.2,0.5,0.0010440213524152318,0.02318023746532885
10000,0.2,1,4.4299739393062547e-4,0.03200792421920699
10000,0.5,0.01,2.568588657310217e-4,5.368120633872331e-4
10000,0.5,0.02,0.0011259337880667427,0.004690660313777653
10000,0.5,0.05,6.305083548992006e-4,0.01018048700749841
10000,0.5,0.1,6.74250848542054e-4,0.016348956832097708
10000,0.5,0.2,5.405038089414392e-4,0.0022642109876137347
10000,0.5,0.5,4.074859269648301e-4,0.015916276361756743
10000,0.5,1,2.701585010356161e-4,0.013021861689775769
10000,1,0.01,0.0010627620639656204,0.006410381750436804
10000,1,0.02,3.5438722169726293e-4,0.0017507109844271112
10000,1,0.05,0.0016641945557453095,0.0012726683726653832
10000,1,0.1,7.100085476370366e-4,0.003172083185640785
10000,1,0.2,2.670338021615326e-4,0.013149971122298227
10000,1,0.5,2.3146632477559563e-4,0.00792032240631958
10000,1,1,9.465571334943785e-4,0.02009014773305221
10000,10,0.01,3.536269179028151e-4,0.013189955372901921
10000,10,0.02,7.716574231363751e-4,0.009871856360252033
10000,10,0.05,3.300974233503664e-4,0.005341878129645632
10000,10,0.1,3.1394196806520036e-4,0.013055521524554215
10000,10,0.2,6.19923845033159e-4,0.012070848562466213
10000,10,0.5,4.941802544831557e-4,0.022330084826483396
10000,10,1,7.469109617037579e-4,0.028793373212046607
10000,100,0.01,2.3483374811489956e-4,0.011003001715220742
10000,100,0.02,9.746711586624926e-4,0.022154519044337784
10000,100,0.05,2.4174111275419296e-4,0.0028530547476164937
10000,100,0.1,4.309857330241042e-4,0.017429434833606528
10000,100,0.2,3.59653287210384e-4,0.016185786434121566
10000,100,0.5,3.715326738225682e-4,0.009055276365258956
10000,100,1,5.68055670259719e-4,0.04844045127899182
10000,1000,0.01,3.800118919469612e-4,0.01839300349190549
10000,1000,0.02,2.917824515798821e-4,0.008690135277897275
10000,1000,0.05,4.2725214019975825e-4,0.016977223684268343
10000,1000,0.1,5.227926862952354e-4,0.01747772274399773
10000,1000,0.2,3.605187340365271e-4,0.0072985784359710405
10000,1000,0.5,2.4998026672204323e-4,8.806262579976071e-4
10000,1000,1,6.439585638428228e-4,0.003359203942454946
10000,10000,0.01,5.644816477948331e-4,0.020296839911294544
10000,10000,0.02,6.00415278272377e-4,0.03462919987433925
10000,10000,0.05,7.63129597045837e-4,0.015537586924465795
10000,10000,0.1,4.579567667206137e-4,0.04693034583429232
10000,10000,0.2,0.001412556922656791,0.1217713411339006
10000,10000,0.5,3.408933997696742e-4,0.05465668850213429
10000,10000,1,6.598037879700179e-4,0.06734285645009633
10000,100000,0.01,3.936775983519643e-4,0.09234436270870759
10000,100000,0.02,4.1642628738946196e-4,0.053803710053158135
10000,100000,0.05,8.38007728258129e-4,0.06207975793129961
10000,100000,0.1,0.0010449984803805833,0.051774457326275954
10000,100000,0.2,3.79480186021997e-4,0.13149415687615007
10000,100000,0.5,6.957855114362951e-4,0.11955503241785616
10000,100000,1,3.7797236495726674e-4,0.10874863463842499
10000,1000000,0.01,0.00153119115428661,0.6651658339766763
10000,1000000,0.02,5.819266857674199e-4,0.15725640169136665
10000,1000000,0.05,0.001962041829410875,0.13898410610885273
10000,1000000,0.1,4.145348455396342e-4,0.301702090505934
10000,1000000,0.2,0.00125348782197782,0.22778566637870468
10000,1000000,0.5,8.61593142490618e-4,0.1655698431194614
10000,1000000,1,0.0010517053414563651,0.08897137415521124
10000,10000000,0.01,0.0010013242887141642,2.298047445054882
10000,10000000,0.02,1.6234176773290303e-4,0.6981676642516847
10000,10000000,0.05,3.27205747179308e-4,0.4835914885919299
10000,10000000,0.1,4.8087136367337246e-4,0.6650582006821806
10000,10000000,0.2,6.8564842018656e-4,0.5813662980283684
10000,10000000,0.5,2.6173508945046166e-4,0.8748790382792282
10000,10000000,1,7.143039702891519e-4,0.6575032307823239
