"nch","z","interval_in_tau","sig","zmax"
5,0.1,0.01,TRUE,0.231293020325503
5,0.1,0.02,TRUE,0.191296596540796
5,0.1,0.05,TRUE,0.151813162441908
5,0.1,0.1,TRUE,0.164917989104079
5,0.1,0.2,TRUE,0.2024239023245
5,0.1,0.5,TRUE,0.173103336136081
5,0.1,1,TRUE,0.169303207995495
5,1,0.01,TRUE,0.105923290213481
5,1,0.02,TRUE,0.0869480009721687
5,1,0.05,TRUE,0.0843447791728805
5,1,0.1,TRUE,0.0641765013849345
5,1,0.2,TRUE,0.0775036929124849
5,1,0.5,TRUE,0.0870914668444748
5,1,1,TRUE,0.0721611518483756
10,0.05,0.01,TRUE,0.199327897905133
10,0.05,0.02,TRUE,0.184563784594128
10,0.05,0.05,TRUE,0.119202933458477
10,0.05,0.1,TRUE,0.176594363193507
10,0.05,0.2,TRUE,0.198428614664171
10,0.05,0.5,TRUE,0.15484097536906
10,0.05,1,TRUE,0.158136839468067
10,0.1,0.01,TRUE,0.191401581852327
10,0.1,0.02,TRUE,0.163437440852371
10,0.1,0.05,TRUE,0.118001687350018
10,0.1,0.1,TRUE,0.12896266968201
10,0.1,0.2,TRUE,0.186809689022247
10,0.1,0.5,TRUE,0.161297571280934
10,0.1,1,TRUE,0.109237803692913
10,0.2,0.01,TRUE,0.145312707310473
10,0.2,0.02,TRUE,0.14082908264167
10,0.2,0.05,TRUE,0.11003591915453
10,0.2,0.1,TRUE,0.102403691023546
10,0.2,0.2,TRUE,0.126676745111605
10,0.2,0.5,TRUE,0.121651294415449
10,0.2,1,TRUE,0.0970706725322221
10,0.5,0.01,TRUE,0.123146195721181
10,0.5,0.02,TRUE,0.094984042953144
10,0.5,0.05,TRUE,0.094714799294825
10,0.5,0.1,TRUE,0.0855479763056293
10,0.5,0.2,TRUE,0.0970813695038432
10,0.5,0.5,TRUE,0.108644057408461
10,0.5,1,TRUE,0.0905975096329985
10,1,0.01,TRUE,0.0760933456189939
10,1,0.02,TRUE,0.0756943596101081
10,1,0.05,TRUE,0.0461242051928509
10,1,0.1,TRUE,0.065809131583899
10,1,0.2,TRUE,0.0445301378314522
10,1,0.5,TRUE,0.0705192954132524
10,1,1,TRUE,0.061077308758814
10,10,0.01,FALSE,0.0114048009470572
10,10,0.02,FALSE,0.0252257379114071
10,10,0.05,FALSE,0.0152045261123168
10,10,0.1,FALSE,0.0150307106785197
10,10,0.2,TRUE,0.0251791010886488
10,10,0.5,FALSE,0.0207871395891696
10,10,1,FALSE,0.0205387057916208
10,100,0.01,FALSE,0.0101618477533539
10,100,0.02,FALSE,0.00250000814319403
10,100,0.05,FALSE,0.0142449947804002
10,100,0.1,FALSE,0.0258027295921629
10,100,0.2,FALSE,0.0201003900774413
10,100,0.5,FALSE,0.0176534730577162
10,100,1,FALSE,0.0130314293516505
10,1000,0.01,FALSE,0.0130441829070819
10,1000,0.02,FALSE,0.0179629032425723
10,1000,0.05,FALSE,0.0196068176464226
10,1000,0.1,FALSE,0.0233372363209314
10,1000,0.2,FALSE,0.0124257681870331
10,1000,0.5,FALSE,0.0228065671393583
10,1000,1,FALSE,0.0105919661893718
10,10000,0.01,FALSE,0.0173450110125012
10,10000,0.02,FALSE,0.00857681420060393
10,10000,0.05,FALSE,0.0112726005546482
10,10000,0.1,FALSE,0.0213246551257516
10,10000,0.2,FALSE,0.024530839018204
10,10000,0.5,FALSE,0.00869797070450495
10,10000,1,FALSE,0.0161374928775473
20,0.05,0.01,TRUE,0.172344833863183
20,0.05,0.02,TRUE,0.140356938569869
20,0.05,0.05,TRUE,0.112608506609939
20,0.05,0.1,TRUE,0.121202427310801
20,0.05,0.2,TRUE,0.175028537584361
20,0.05,0.5,TRUE,0.109337650226464
20,0.05,1,TRUE,0.0944715790634382
20,0.1,0.01,TRUE,0.146148736594865
20,0.1,0.02,TRUE,0.139492175240754
20,0.1,0.05,TRUE,0.0951131797158184
20,0.1,0.1,TRUE,0.0926519927946225
20,0.1,0.2,TRUE,0.153169023968391
20,0.1,0.5,TRUE,0.116279962362504
20,0.1,1,TRUE,0.073119511961715
20,0.2,0.01,TRUE,0.125526941132113
20,0.2,0.02,TRUE,0.113574511257325
20,0.2,0.05,TRUE,0.0819253290549841
20,0.2,0.1,TRUE,0.0831603723462534
20,0.2,0.2,TRUE,0.0920133079846189
20,0.2,0.5,TRUE,0.0937627907759644
20,0.2,1,TRUE,0.0607486220557685
20,0.5,0.01,TRUE,0.0564729182778161
20,0.5,0.02,TRUE,0.0803446479993875
20,0.5,0.05,TRUE,0.0778385789652301
20,0.5,0.1,TRUE,0.0463854426421429
20,0.5,0.2,TRUE,0.0697757159693055
20,0.5,0.5,TRUE,0.0686619854996915
20,0.5,1,TRUE,0.0523452842392714
20,1,0.01,TRUE,0.0638313534604557
20,1,0.02,TRUE,0.0567464580317021
20,1,0.05,TRUE,0.0380216804088867
20,1,0.1,TRUE,0.0355986336965844
20,1,0.2,TRUE,0.0493074805200767
20,1,0.5,TRUE,0.0518368735383785
20,1,1,TRUE,0.0456754143986839
20,10,0.01,FALSE,0.016825527123632
20,10,0.02,FALSE,0.0141209940354046
20,10,0.05,FALSE,0.0135353271440967
20,10,0.1,FALSE,0.00703365627012091
20,10,0.2,FALSE,0.00996534410948216
20,10,0.5,FALSE,0.0225229679343403
20,10,1,FALSE,0.00968731066364866
50,0.05,0.01,TRUE,0.0795899012250809
50,0.05,0.02,TRUE,0.0740197876669561
50,0.05,0.05,TRUE,0.0591807350561384
50,0.05,0.1,TRUE,0.0810248884151557
50,0.05,0.2,TRUE,0.0819650258839411
50,0.05,0.5,TRUE,0.0588027756505971
50,0.05,1,TRUE,0.0278923346541365
50,0.1,0.01,TRUE,0.0717285598305369
50,0.1,0.02,TRUE,0.07300941285395
50,0.1,0.05,TRUE,0.0603271982645962
50,0.1,0.1,TRUE,0.0532121159042047
50,0.1,0.2,TRUE,0.0807429845243941
50,0.1,0.5,TRUE,0.0487909812832464
50,0.1,1,TRUE,0.0366476023025078
50,0.2,0.01,TRUE,0.0828120205085373
50,0.2,0.02,TRUE,0.0602579083138953
50,0.2,0.05,TRUE,0.0488543086912725
50,0.2,0.1,TRUE,0.0449992274152983
50,0.2,0.2,TRUE,0.0481552303097311
50,0.2,0.5,TRUE,0.0454464052464948
50,0.2,1,FALSE,0.0185751717935758
50,0.5,0.01,TRUE,0.0423624520272426
50,0.5,0.02,TRUE,0.0406493124934155
50,0.5,0.05,FALSE,0.0296869688025483
50,0.5,0.1,TRUE,0.0542442758520299
50,0.5,0.2,TRUE,0.056240952357478
50,0.5,0.5,TRUE,0.0399043480647543
50,0.5,1,TRUE,0.0358339329464637
50,1,0.01,FALSE,0.01837781092195
50,1,0.02,TRUE,0.0437508134963652
50,1,0.05,FALSE,0.0144871310998509
50,1,0.1,FALSE,0.016020952444685
50,1,0.2,TRUE,0.0406702234126587
50,1,0.5,FALSE,0.0221387981542315
50,1,1,FALSE,0.0211319352032407
50,10,0.01,TRUE,0.0267893604933941
50,10,0.02,FALSE,0.0195473785154188
50,10,0.05,FALSE,0.0251536513257298
50,10,0.1,FALSE,0.00920237073308209
50,10,0.2,FALSE,0.0102340073073545
50,10,0.5,FALSE,0.0154965252807566
50,10,1,FALSE,0.00844188301192284
100,0.05,0.01,TRUE,0.0548048097762589
100,0.05,0.02,TRUE,0.0331198238973625
100,0.05,0.05,TRUE,0.0493621565373807
100,0.05,0.1,TRUE,0.0299840228764738
100,0.05,0.2,TRUE,0.0309031334324761
100,0.05,0.5,FALSE,0.0146929179410913
100,0.05,1,TRUE,0.036886122843068
100,0.1,0.01,TRUE,0.0366560399681945
100,0.1,0.02,TRUE,0.0426633483466433
100,0.1,0.05,TRUE,0.0350711660134376
100,0.1,0.1,FALSE,0.0234778899105284
100,0.1,0.2,TRUE,0.0406890004019724
100,0.1,0.5,TRUE,0.0282225111472178
100,0.1,1,FALSE,0.0133713543603943
100,0.2,0.01,TRUE,0.0293311708895073
100,0.2,0.02,FALSE,0.0266782597359459
100,0.2,0.05,TRUE,0.0369337494788226
100,0.2,0.1,FALSE,0.0188042559996594
100,0.2,0.2,FALSE,0.0091744427090887
100,0.2,0.5,TRUE,0.0293118043426452
100,0.2,1,TRUE,0.0380928555616252
100,0.5,0.01,TRUE,0.0396841941774375
100,0.5,0.02,FALSE,0.00926342839983267
100,0.5,0.05,FALSE,0.0187454454405778
100,0.5,0.1,FALSE,0.0204102757053304
100,0.5,0.2,FALSE,0.023991984227596
100,0.5,0.5,FALSE,0.013880117070471
100,0.5,1,FALSE,0.0151471546574074
100,1,0.01,FALSE,0.0270176361033401
100,1,0.02,TRUE,0.032752542456116
100,1,0.05,FALSE,0.0158165343258612
100,1,0.1,FALSE,0.0175941657912417
100,1,0.2,FALSE,0.00740571089456599
100,1,0.5,TRUE,0.0299913414906278
100,1,1,FALSE,0.0119146976449658
100,10,0.01,FALSE,0.0159599452781253
100,10,0.02,FALSE,0.00794103191355281
100,10,0.05,FALSE,0.0220870895979386
100,10,0.1,FALSE,0.00881862364807388
100,10,0.2,FALSE,0.0164057753513231
100,10,0.5,FALSE,0.0129269761231601
100,10,1,FALSE,0.0112305818322237
100,100,0.01,FALSE,0.00715232891133619
100,100,0.02,FALSE,0.012378496837313
100,100,0.05,FALSE,0.0111833280162049
100,100,0.1,FALSE,0.0194785140161247
100,100,0.2,FALSE,0.0175709824843735
100,100,0.5,FALSE,0.0109091700338462
100,100,1,FALSE,0.00533871618379578
100,1000,0.01,FALSE,0.0147365147784801
100,1000,0.02,FALSE,0.0153483663039124
100,1000,0.05,FALSE,0.0197253749532167
100,1000,0.1,TRUE,0.028300952660928
100,1000,0.2,FALSE,0.0138418295186242
100,1000,0.5,FALSE,0.00846886149436615
100,1000,1,TRUE,0.0262329878171673
100,10000,0.01,FALSE,0.00719013160561403
100,10000,0.02,FALSE,0.0194411640214739
100,10000,0.05,FALSE,0.0131293911693261
100,10000,0.1,FALSE,0.0103091175427018
100,10000,0.2,FALSE,0.00892626297880847
100,10000,0.5,FALSE,0.00970758117416428
100,10000,1,FALSE,0.0143148166280964
100,1e+05,0.01,FALSE,0.015382975761469
100,1e+05,0.02,FALSE,0.0256521784283322
100,1e+05,0.05,FALSE,0.0192374046874513
100,1e+05,0.1,FALSE,0.0228418578477384
100,1e+05,0.2,FALSE,0.0168200042031195
100,1e+05,0.5,FALSE,0.0133058427569242
100,1e+05,1,FALSE,0.0275900133383024
200,0.05,0.01,FALSE,0.00788753713337522
200,0.05,0.02,FALSE,0.0168387928600053
200,0.05,0.05,FALSE,0.0149450607551707
200,0.05,0.1,FALSE,0.0206770790352639
200,0.05,0.2,FALSE,0.0137456409608424
200,0.05,0.5,FALSE,0.0146531839605326
200,0.05,1,FALSE,0.0263384785611359
200,0.1,0.01,FALSE,0.0178973161083119
200,0.1,0.02,FALSE,0.00759969629641214
200,0.1,0.05,FALSE,0.0139958824932163
200,0.1,0.1,FALSE,0.0130282218713845
200,0.1,0.2,FALSE,0.0151628587777732
200,0.1,0.5,FALSE,0.0153167964939609
200,0.1,1,FALSE,0.0115626484820369
200,0.2,0.01,FALSE,0.01983300639607
200,0.2,0.02,FALSE,0.00822711501092655
200,0.2,0.05,FALSE,0.0241434286271894
200,0.2,0.1,FALSE,0.0113382963783075
200,0.2,0.2,FALSE,0.0103824796672348
200,0.2,0.5,FALSE,0.019323801420075
200,0.2,1,FALSE,0.0185926001142237
200,0.5,0.01,FALSE,0.0182364212822332
200,0.5,0.02,FALSE,0.0208890872691049
200,0.5,0.05,FALSE,0.0161407216638077
200,0.5,0.1,FALSE,0.0170029177110507
200,0.5,0.2,TRUE,0.0324825703243183
200,0.5,0.5,FALSE,0.0137806903043993
200,0.5,1,FALSE,0.0136247567739561
200,1,0.01,FALSE,0.0173550280411724
200,1,0.02,TRUE,0.0312487107936264
200,1,0.05,FALSE,0.0256904547867977
200,1,0.1,FALSE,0.014058330570442
200,1,0.2,FALSE,0.0164284415375405
200,1,0.5,FALSE,0.0171923948634937
200,1,1,TRUE,0.0276461875466537
200,10,0.01,FALSE,0.0172037840979295
200,10,0.02,FALSE,0.00624974133939136
200,10,0.05,FALSE,0.00755637988340108
200,10,0.1,FALSE,0.0176003548347451
200,10,0.2,FALSE,0.00991074502010486
200,10,0.5,FALSE,0.00735325915081133
200,10,1,FALSE,0.0145861424473876
500,0.05,0.01,FALSE,0.0214519448475398
500,0.05,0.02,FALSE,0.016279117649342
500,0.05,0.05,FALSE,0.0121039908006749
500,0.05,0.1,FALSE,0.0111739850195768
500,0.05,0.2,FALSE,0.0193662813867462
500,0.05,0.5,FALSE,0.021015825872234
500,0.05,1,FALSE,0.00934305649222603
500,0.1,0.01,TRUE,0.0382952885729039
500,0.1,0.02,FALSE,0.0236234235684669
500,0.1,0.05,TRUE,0.0260378892910084
500,0.1,0.1,FALSE,0.0178105371864392
500,0.1,0.2,FALSE,0.0163438290430298
500,0.1,0.5,FALSE,0.0204508903393934
500,0.1,1,FALSE,0.00730852663820002
500,0.2,0.01,FALSE,0.00324901486188588
500,0.2,0.02,FALSE,0.0142794285222291
500,0.2,0.05,FALSE,0.0188814422884541
500,0.2,0.1,FALSE,0.00798376425625052
500,0.2,0.2,FALSE,0.0200521595039964
500,0.2,0.5,FALSE,0.0152529985876202
500,0.2,1,FALSE,0.0216693857219926
500,0.5,0.01,FALSE,0.0164122072022172
500,0.5,0.02,FALSE,0.0113721828819137
500,0.5,0.05,FALSE,0.0133563336687758
500,0.5,0.1,FALSE,0.013371319861526
500,0.5,0.2,FALSE,0.0112164712715055
500,0.5,0.5,FALSE,0.0162216960581641
500,0.5,1,FALSE,0.0159823454153895
500,1,0.01,FALSE,0.0179717691862819
500,1,0.02,FALSE,0.0238403800388743
500,1,0.05,FALSE,0.012890896313556
500,1,0.1,FALSE,0.00936902323156086
500,1,0.2,FALSE,0.0112933776418747
500,1,0.5,FALSE,0.0125299429188258
500,1,1,FALSE,0.0148578441876044
500,10,0.01,FALSE,0.0188599720043811
500,10,0.02,FALSE,0.0146362926877211
500,10,0.05,FALSE,0.0159361958224517
500,10,0.1,FALSE,0.0195846917257271
500,10,0.2,FALSE,0.0170664435488314
500,10,0.5,FALSE,0.0101044965430523
500,10,1,FALSE,0.0124655346707383
1000,0.05,0.01,TRUE,0.026898604381691
1000,0.05,0.02,FALSE,0.0129038209304163
1000,0.05,0.05,FALSE,0.0112549163955793
1000,0.05,0.1,FALSE,0.0169053778444895
1000,0.05,0.2,FALSE,0.0191885621900158
1000,0.05,0.5,FALSE,0.0126793466452937
1000,0.05,1,FALSE,0.0237743539979365
1000,0.1,0.01,FALSE,0.0160701693048916
1000,0.1,0.02,FALSE,0.0148818939819999
1000,0.1,0.05,FALSE,0.0112601069719553
1000,0.1,0.1,FALSE,0.0166458045406141
1000,0.1,0.2,FALSE,0.0179392903678538
1000,0.1,0.5,FALSE,0.0176453984604133
1000,0.1,1,FALSE,0.0111432881979774
1000,0.2,0.01,FALSE,0.027198756065963
1000,0.2,0.02,FALSE,0.0120756819088958
1000,0.2,0.05,FALSE,0.00838050378762785
1000,0.2,0.1,FALSE,0.0109829249196082
1000,0.2,0.2,TRUE,0.0358206551807069
1000,0.2,0.5,FALSE,0.0129631260699622
1000,0.2,1,TRUE,0.0272871914276237
1000,0.5,0.01,FALSE,0.0207155560553854
1000,0.5,0.02,FALSE,0.0204670993908169
1000,0.5,0.05,FALSE,0.012961761563781
1000,0.5,0.1,FALSE,0.0111776991445805
1000,0.5,0.2,FALSE,0.012189606571943
1000,0.5,0.5,FALSE,0.0177767676982735
1000,0.5,1,FALSE,0.0139714876595844
1000,1,0.01,FALSE,0.0185569481647203
1000,1,0.02,FALSE,0.0107053597449302
1000,1,0.05,FALSE,0.0110737082145272
1000,1,0.1,FALSE,0.0114705571977613
1000,1,0.2,FALSE,0.0173357550937213
1000,1,0.5,FALSE,0.0301767517316851
1000,1,1,FALSE,0.0262487249310542
1000,10,0.01,FALSE,0.0110088188850383
1000,10,0.02,FALSE,0.0115618872935652
1000,10,0.05,FALSE,0.0175363182600315
1000,10,0.1,FALSE,0.00988611597968299
1000,10,0.2,FALSE,0.0162395280678375
1000,10,0.5,FALSE,0.0203838050529684
1000,10,1,FALSE,0.0187920920453106
1000,100,0.01,FALSE,0.0140864923012697
1000,100,0.02,FALSE,0.0124706583314335
1000,100,0.05,FALSE,0.0241287852036324
1000,100,0.1,FALSE,0.0241065128821466
1000,100,0.2,FALSE,0.0125799963060234
1000,100,0.5,FALSE,0.0138371366426395
1000,100,1,FALSE,0.0155697992563022
1000,1000,0.01,FALSE,0.0274532219092692
1000,1000,0.02,FALSE,0.00758651351308372
1000,1000,0.05,FALSE,0.0117355524621854
1000,1000,0.1,FALSE,0.0174505360189805
1000,1000,0.2,FALSE,0.0236484918947395
1000,1000,0.5,FALSE,0.00910835645191451
1000,1000,1,FALSE,0.0197976739862925
1000,10000,0.01,FALSE,0.0152617591793736
1000,10000,0.02,FALSE,0.0128498260047032
1000,10000,0.05,FALSE,0.0116910406757687
1000,10000,0.1,FALSE,0.00954005537269222
1000,10000,0.2,FALSE,0.0116673118567891
1000,10000,0.5,FALSE,0.0201476099321053
1000,10000,1,FALSE,0.00702411969861126
1000,1e+05,0.01,FALSE,0.0153427741697688
1000,1e+05,0.02,FALSE,0.00791062858537809
1000,1e+05,0.05,TRUE,0.0270338392550667
1000,1e+05,0.1,FALSE,0.0179718868076034
1000,1e+05,0.2,FALSE,0.015014282331493
1000,1e+05,0.5,FALSE,0.00752778055065051
1000,1e+05,1,TRUE,0.0229752538673553
1000,1e+06,0.01,FALSE,0.0140516635467201
1000,1e+06,0.02,FALSE,0.00903210115623566
1000,1e+06,0.05,FALSE,0.0226242000996221
1000,1e+06,0.1,FALSE,0.0130795410305725
1000,1e+06,0.2,FALSE,0.0119182401550238
1000,1e+06,0.5,FALSE,0.0243756920211456
1000,1e+06,1,FALSE,0.0204801488943676
2000,0.05,0.01,FALSE,0.0134952637801685
2000,0.05,0.02,FALSE,0.0214709940330201
2000,0.05,0.05,FALSE,0.017653781578192
2000,0.05,0.1,FALSE,0.00529456894745727
2000,0.05,0.2,FALSE,0.0249978840552235
2000,0.05,0.5,FALSE,0.0111125829018725
2000,0.05,1,FALSE,0.0148358271109524
2000,0.1,0.01,FALSE,0.0166524286831646
2000,0.1,0.02,FALSE,0.00343960652427635
2000,0.1,0.05,FALSE,0.0242326611283648
2000,0.1,0.1,FALSE,0.0137762832436631
2000,0.1,0.2,FALSE,0.0109606134763144
2000,0.1,0.5,FALSE,0.00535167297603192
2000,0.1,1,FALSE,0.0145411132289987
2000,0.2,0.01,FALSE,0.0213934674389254
2000,0.2,0.02,FALSE,0.0191293880626759
2000,0.2,0.05,FALSE,0.0198067332333036
2000,0.2,0.1,FALSE,0.0104449506603167
2000,0.2,0.2,FALSE,0.0234898738482962
2000,0.2,0.5,FALSE,0.0125659955989695
2000,0.2,1,FALSE,0.00792643963365231
2000,0.5,0.01,FALSE,0.0176366393151694
2000,0.5,0.02,FALSE,0.0228894600236188
2000,0.5,0.05,FALSE,0.0140165816464666
2000,0.5,0.1,FALSE,0.0241940773609394
2000,0.5,0.2,TRUE,0.0327033692311775
2000,0.5,0.5,FALSE,0.0123156198668667
2000,0.5,1,FALSE,0.0194823728573204
2000,1,0.01,FALSE,0.0156375630189566
2000,1,0.02,FALSE,0.0235259305028575
2000,1,0.05,FALSE,0.0138019143560538
2000,1,0.1,FALSE,0.0149869201313056
2000,1,0.2,FALSE,0.0137524492498527
2000,1,0.5,FALSE,0.0206651439789354
2000,1,1,FALSE,0.0161118506413738
2000,10,0.01,FALSE,0.0185407365844511
2000,10,0.02,TRUE,0.0250372048919358
2000,10,0.05,FALSE,0.0121718914932589
2000,10,0.1,FALSE,0.0102408447419793
2000,10,0.2,FALSE,0.0113954194992343
2000,10,0.5,FALSE,0.0143894690745718
2000,10,1,FALSE,0.0218191213135867
5000,0.05,0.01,FALSE,0.0126115282788676
5000,0.05,0.02,FALSE,0.0106866769522208
5000,0.05,0.05,FALSE,0.0219753044195972
5000,0.05,0.1,FALSE,0.0174737776089271
5000,0.05,0.2,FALSE,0.0206451301867403
5000,0.05,0.5,FALSE,0.0209555529328941
5000,0.05,1,FALSE,0.0124884859805793
5000,0.1,0.01,FALSE,0.00917336589351357
5000,0.1,0.02,FALSE,0.0185627440926429
5000,0.1,0.05,FALSE,0.0125726356220345
5000,0.1,0.1,FALSE,0.00920666022226456
5000,0.1,0.2,FALSE,0.00570103182892177
5000,0.1,0.5,FALSE,0.0123582312997561
5000,0.1,1,FALSE,0.00931928188636352
5000,0.2,0.01,FALSE,0.0134409102515162
5000,0.2,0.02,FALSE,0.0161188534937061
5000,0.2,0.05,FALSE,0.00823645083059811
5000,0.2,0.1,FALSE,0.0155761945267997
5000,0.2,0.2,FALSE,0.0252170341197046
5000,0.2,0.5,FALSE,0.0216133082417934
5000,0.2,1,TRUE,0.0331424641559055
5000,0.5,0.01,FALSE,0.0175598652371474
5000,0.5,0.02,FALSE,0.0205730624973132
5000,0.5,0.05,FALSE,0.0143172155408287
5000,0.5,0.1,FALSE,0.0167433173347743
5000,0.5,0.2,FALSE,0.0122569582604903
5000,0.5,0.5,FALSE,0.0122950312537431
5000,0.5,1,FALSE,0.0262253209979696
5000,1,0.01,FALSE,0.00569829745402939
5000,1,0.02,FALSE,0.0164784851879695
5000,1,0.05,FALSE,0.0267783429614807
5000,1,0.1,FALSE,0.0164951116289573
5000,1,0.2,FALSE,0.0141508677825962
5000,1,0.5,FALSE,0.0198378229952153
5000,1,1,FALSE,0.0094387435827768
5000,10,0.01,FALSE,0.0185814090225371
5000,10,0.02,FALSE,0.0230581012532394
5000,10,0.05,FALSE,0.0174746536041657
5000,10,0.1,FALSE,0.00849555934587868
5000,10,0.2,FALSE,0.0184877373692389
5000,10,0.5,FALSE,0.0153147513190302
5000,10,1,FALSE,0.0207669085635439
10000,0.05,0.01,FALSE,0.0182020088706027
10000,0.05,0.02,FALSE,0.0150278688797554
10000,0.05,0.05,FALSE,0.0149564412883789
10000,0.05,0.1,FALSE,0.0287012121207039
10000,0.05,0.2,FALSE,0.0193171718080736
10000,0.05,0.5,FALSE,0.0116600747609913
10000,0.05,1,FALSE,0.0132649157437729
10000,0.1,0.01,FALSE,0.0106123161481113
10000,0.1,0.02,FALSE,0.0159615327572221
10000,0.1,0.05,FALSE,0.0160508487256019
10000,0.1,0.1,FALSE,0.0095646329607183
10000,0.1,0.2,FALSE,0.0087533169938665
10000,0.1,0.5,FALSE,0.0126270147831119
10000,0.1,1,FALSE,0.019589724017114
10000,0.2,0.01,FALSE,0.0169113134794516
10000,0.2,0.02,FALSE,0.0163494224205595
10000,0.2,0.05,TRUE,0.0294479248830331
10000,0.2,0.1,FALSE,0.0185134053271615
10000,0.2,0.2,FALSE,0.0179557125325261
10000,0.2,0.5,FALSE,0.0222557364279577
10000,0.2,1,FALSE,0.0109024262207566
10000,0.5,0.01,FALSE,0.0134292735129972
10000,0.5,0.02,TRUE,0.0292326602072723
10000,0.5,0.05,FALSE,0.0163166478789519
10000,0.5,0.1,FALSE,0.0128513282581679
10000,0.5,0.2,FALSE,0.0134273913044915
10000,0.5,0.5,FALSE,0.0156039046727699
10000,0.5,1,FALSE,0.00920197468932099
10000,1,0.01,FALSE,0.0209298487637914
10000,1,0.02,FALSE,0.0153745161589063
10000,1,0.05,TRUE,0.0252618197787051
10000,1,0.1,FALSE,0.0172224577477076
10000,1,0.2,FALSE,0.0109304045116455
10000,1,0.5,FALSE,0.0109974964420754
10000,1,1,FALSE,0.0234464125433437
10000,10,0.01,FALSE,0.00764987659619468
10000,10,0.02,FALSE,0.0181437073905586
10000,10,0.05,FALSE,0.0128471079297608
10000,10,0.1,FALSE,0.00739552410832427
10000,10,0.2,FALSE,0.0177788386111094
10000,10,0.5,FALSE,0.0154184082226692
10000,10,1,FALSE,0.0189265550941903
10000,100,0.01,FALSE,0.00824545476495792
10000,100,0.02,FALSE,0.018677930783867
10000,100,0.05,FALSE,0.00913312185016969
10000,100,0.1,FALSE,0.0142797363002528
10000,100,0.2,FALSE,0.0146665817736332
10000,100,0.5,FALSE,0.0127441861029445
10000,100,1,FALSE,0.0177545101572282
10000,1000,0.01,FALSE,0.0138438244941128
10000,1000,0.02,FALSE,0.0118273116284678
10000,1000,0.05,FALSE,0.0121708037256711
10000,1000,0.1,FALSE,0.0152534113563201
10000,1000,0.2,FALSE,0.0131521755589691
10000,1000,0.5,FALSE,0.011300429994822
10000,1000,1,FALSE,0.0220275458365019
10000,10000,0.01,FALSE,0.0184617314166632
10000,10000,0.02,FALSE,0.0158411811359196
10000,10000,0.05,FALSE,0.0208365105684047
10000,10000,0.1,FALSE,0.0153864320673883
10000,10000,0.2,FALSE,0.0269008480001538
10000,10000,0.5,FALSE,0.00841497569921461
10000,10000,1,FALSE,0.0188949111412341
10000,1e+05,0.01,FALSE,0.0131499776547277
10000,1e+05,0.02,FALSE,0.0150666044060893
10000,1e+05,0.05,FALSE,0.0224852626821454
10000,1e+05,0.1,FALSE,0.025543653874102
10000,1e+05,0.2,FALSE,0.0122421852660067
10000,1e+05,0.5,FALSE,0.0198164660825828
10000,1e+05,1,FALSE,0.00936752548155447
10000,1e+06,0.01,TRUE,0.0236608964167348
10000,1e+06,0.02,FALSE,0.0195237133923114
10000,1e+06,0.05,FALSE,0.0306239908403415
10000,1e+06,0.1,FALSE,0.0106030841886711
10000,1e+06,0.2,TRUE,0.0286487234487074
10000,1e+06,0.5,FALSE,0.0235125138855389
10000,1e+06,1,FALSE,0.0238794442983756
10000,1e+07,0.01,FALSE,0.0137317090371224
10000,1e+07,0.02,FALSE,0.00909108327762799
10000,1e+07,0.05,FALSE,0.0129786115692565
10000,1e+07,0.1,FALSE,0.016566898545983
10000,1e+07,0.2,FALSE,0.0241444172792914
10000,1e+07,0.5,FALSE,0.00876397406839173
10000,1e+07,1,FALSE,0.0217047819359505
