nch,z,interval,mahal,note
5,0.1,0.01,0.3011122899443667,
5,0.1,0.02,0.23831751140741528,
5,0.1,0.05,0.23213875273527892,
5,0.1,0.1,0.21153077120129762,
5,0.1,0.2,0.23953427760943402,
5,0.1,0.5,0.2758007421919635,
5,0.1,1,0.25770124658236826,
5,1,0.01,0.12220112167605482,
5,1,0.02,0.10008176779140411,
5,1,0.05,0.10673668983705034,
5,1,0.1,0.08827501060299249,
5,1,0.2,0.10490476803193573,
5,1,0.5,0.1051999749515148,
5,1,1,0.09319584004654549,
10,0.05,0.01,0.2216930540797795,
10,0.05,0.02,0.2168944852552262,
10,0.05,0.05,0.18094174256665213,
10,0.05,0.1,0.21024543494908002,
10,0.05,0.2,0.23721001239505715,
10,0.05,0.5,0.24592544277379083,
10,0.05,1,0.22775288593291929,
10,0.1,0.01,0.20644928635675083,
10,0.1,0.02,0.18229914853937573,
10,0.1,0.05,0.16989728917365532,
10,0.1,0.1,0.16714790333298082,
10,0.1,0.2,0.21985560687126643,
10,0.1,0.5,0.22130999992473604,
10,0.1,1,0.1780012411382801,
10,0.2,0.01,0.1551256253614791,
10,0.2,0.02,0.1579296718701335,
10,0.2,0.05,0.13117080086671631,
10,0.2,0.1,0.14218979211034663,
10,0.2,0.2,0.15735755195226964,
10,0.2,0.5,0.1576241321261574,
10,0.2,1,0.1560463805124072,
10,0.5,0.01,0.12693893120444055,
10,0.5,0.02,0.10061596725231632,
10,0.5,0.05,0.10567960277933856,
10,0.5,0.1,0.10171204208781656,
10,0.5,0.2,0.12085280200313334,
10,0.5,0.5,0.13240767025243863,
10,0.5,1,0.1129754348582254,
10,1,0.01,0.07768342958402419,
10,1,0.02,0.08315193355566566,
10,1,0.05,0.05841082853039246,
10,1,0.1,0.0746454204614108,
10,1,0.2,0.06129985940814849,
10,1,0.5,0.08302057617145836,
10,1,1,0.07753716312834194,
10,10,0.01,0.01738682699482054,
10,10,0.02,0.03865942599884974,
10,10,0.05,0.028870765322424195,
10,10,0.1,0.02061855796452955,
10,10,0.2,0.029213251576114638,
10,10,0.5,0.025381471611826162,
10,10,1,0.02713826939343107,
10,100,0.01,0.02228885065902589,
10,100,0.02,0.00886154390896418,
10,100,0.05,0.019037346326881935,
10,100,0.1,0.03780188154691354,
10,100,0.2,0.034619852483388724,
10,100,0.5,0.02355860952911583,
10,100,1,0.021920973242119845,
10,1000,0.01,0.021558504304455852,
10,1000,0.02,0.030297444949507295,
10,1000,0.05,0.023970269135670554,
10,1000,0.1,0.025458542918131735,
10,1000,0.2,0.026541096880099684,
10,1000,0.5,0.02878897317298715,
10,1000,1,0.013113114438826061,
10,10000,0.01,0.02509350816556082,
10,10000,0.02,0.011941921268072609,
10,10000,0.05,0.013492500425385199,
10,10000,0.1,0.0334718514391617,
10,10000,0.2,0.037336058479306614,
10,10000,0.5,0.016824107085956042,
10,10000,1,0.031891580319376944,
20,0.05,0.01,0.1825957845954509,
20,0.05,0.02,0.16826095531735524,
20,0.05,0.05,0.15809077873452307,
20,0.05,0.1,0.15299939161942963,
20,0.05,0.2,0.1929845676081507,
20,0.05,0.5,0.17141898219061544,
20,0.05,1,0.1291453892892727,
20,0.1,0.01,0.1538335480583271,
20,0.1,0.02,0.1496286779765929,
20,0.1,0.05,0.12294620539466324,
20,0.1,0.1,0.11986227944659171,
20,0.1,0.2,0.16638338784870876,
20,0.1,0.5,0.15066801674712296,
20,0.1,1,0.11320534055434044,
20,0.2,0.01,0.1329732160335143,
20,0.2,0.02,0.12329785182061863,
20,0.2,0.05,0.10593016234151513,
20,0.2,0.1,0.11423855831365497,
20,0.2,0.2,0.10830730945456815,
20,0.2,0.5,0.11914410567243991,
20,0.2,1,0.08944430526037475,
20,0.5,0.01,0.05876388141342883,
20,0.5,0.02,0.0817610493252837,
20,0.5,0.05,0.08574000701116913,
20,0.5,0.1,0.07440104597799657,
20,0.5,0.2,0.08908259181608418,
20,0.5,0.5,0.08203733648500429,
20,0.5,1,0.06916551257817707,
20,1,0.01,0.07055256638445305,
20,1,0.02,0.06083489215816178,
20,1,0.05,0.048547697852079685,
20,1,0.1,0.04425932655203438,
20,1,0.2,0.05447707626891125,
20,1,0.5,0.06577924028324553,
20,1,1,0.05747642193031547,
20,10,0.01,0.02782814098145264,
20,10,0.02,0.020559037952550548,
20,10,0.05,0.02591590151864902,
20,10,0.1,0.014384707054902657,
20,10,0.2,0.023987159319092694,
20,10,0.5,0.030350968301722635,
20,10,1,0.020636045497609338,
50,0.05,0.01,0.10323374798573577,
50,0.05,0.02,0.0954806180531182,
50,0.05,0.05,0.084437987473057,
50,0.05,0.1,0.08406359083360669,
50,0.05,0.2,0.09316762524973343,
50,0.05,0.5,0.08628383574106277,
50,0.05,1,0.05327209310313802,
50,0.1,0.01,0.08329967065915482,
50,0.1,0.02,0.07998067919973677,
50,0.1,0.05,0.07758244826068687,
50,0.1,0.1,0.07385445935136664,
50,0.1,0.2,0.09147930612478761,
50,0.1,0.5,0.057174684340178195,
50,0.1,1,0.05096173374720879,
50,0.2,0.01,0.08757672001872824,
50,0.2,0.02,0.06535942734642274,
50,0.2,0.05,0.061476146254949696,
50,0.2,0.1,0.05634553894326724,
50,0.2,0.2,0.05936668995823363,
50,0.2,0.5,0.0496810735257688,
50,0.2,1,0.03134893910110272,
50,0.5,0.01,0.05032245432548049,
50,0.5,0.02,0.05026220684875562,
50,0.5,0.05,0.03866781216471876,
50,0.5,0.1,0.06046464528073443,
50,0.5,0.2,0.06675195596919231,
50,0.5,0.5,0.04789158533401874,
50,0.5,1,0.050507890736371644,
50,1,0.01,0.0225350421842456,
50,1,0.02,0.047504035652197255,
50,1,0.05,0.0187507471806209,
50,1,0.1,0.020941751791751197,
50,1,0.2,0.04921681733828478,
50,1,0.5,0.037991892370019265,
50,1,1,0.028057343343299037,
50,10,0.01,0.03780936010980031,
50,10,0.02,0.02792012618517755,
50,10,0.05,0.02759076312536569,
50,10,0.1,0.02727382237435035,
50,10,0.2,0.01521260850463337,
50,10,0.5,0.021172251055827717,
50,10,1,0.019121245369953587,
100,0.05,0.01,0.061177171764530136,
100,0.05,0.02,0.05536508049890586,
100,0.05,0.05,0.06030844302612003,
100,0.05,0.1,0.04534615683542868,
100,0.05,0.2,0.03790108702103521,
100,0.05,0.5,0.01840304108551591,
100,0.05,1,0.04024567778641665,
100,0.1,0.01,0.04602816852272923,
100,0.1,0.02,0.05682946922123042,
100,0.1,0.05,0.04450083980100256,
100,0.1,0.1,0.02823034060003831,
100,0.1,0.2,0.052250352813234466,
100,0.1,0.5,0.037636482710817,
100,0.1,1,0.01979390425729657,
100,0.2,0.01,0.030554690209204836,
100,0.2,0.02,0.0400928110223089,
100,0.2,0.05,0.041539274764452704,
100,0.2,0.1,0.03326369779588358,
100,0.2,0.2,0.020235631317345765,
100,0.2,0.5,0.045491292719883725,
100,0.2,1,0.04327110526005242,
100,0.5,0.01,0.045470524669969994,
100,0.5,0.02,0.028805190221233387,
100,0.5,0.05,0.03027998889175686,
100,0.5,0.1,0.03006236321457542,
100,0.5,0.2,0.03291946396472923,
100,0.5,0.5,0.031160739432148355,
100,0.5,1,0.018315001679181157,
100,1,0.01,0.03753093722309056,
100,1,0.02,0.03729074023366451,
100,1,0.05,0.01694899268687508,
100,1,0.1,0.022398531088083134,
100,1,0.2,0.01417203931088176,
100,1,0.5,0.03486205549209479,
100,1,1,0.013932006403965644,
100,10,0.01,0.02355795194628719,
100,10,0.02,0.01850620889469958,
100,10,0.05,0.027791966391852916,
100,10,0.1,0.01256602723109469,
100,10,0.2,0.024599323164397967,
100,10,0.5,0.022864835446803396,
100,10,1,0.017880203695578568,
100,100,0.01,0.014443404663713827,
100,100,0.02,0.018975126469272286,
100,100,0.05,0.019801262272527122,
100,100,0.1,0.0265906663371598,
100,100,0.2,0.027567837818376763,
100,100,0.5,0.014592103845990094,
100,100,1,0.010275272376737895,
100,1000,0.01,0.033094484340645346,
100,1000,0.02,0.02595459157171706,
100,1000,0.05,0.0323584889642047,
100,1000,0.1,0.04689758957251269,
100,1000,0.2,0.01956163470171417,
100,1000,0.5,0.01701421436014319,
100,1000,1,0.030418836906539282,
100,10000,0.01,0.012444774920508233,
100,10000,0.02,0.023267760822626382,
100,10000,0.05,0.017029455344368002,
100,10000,0.1,0.019075868775046644,
100,10000,0.2,0.01750459417033832,
100,10000,0.5,0.01390807368135006,
100,10000,1,0.015054580887472042,
100,100000,0.01,0.02036310255382471,
100,100000,0.02,0.03991098971774714,
100,100000,0.05,0.021881850226177006,
100,100000,0.1,0.02705944088278899,
100,100000,0.2,0.0270442513046386,
100,100000,0.5,0.021181908602194845,
100,100000,1,0.0359108415201147,
200,0.05,0.01,0.017013868743601102,
200,0.05,0.02,0.03013875537917334,
200,0.05,0.05,0.025704276151045688,
200,0.05,0.1,0.029402871568627573,
200,0.05,0.2,0.021677125214534243,
200,0.05,0.5,0.023939288315322275,
200,0.05,1,0.03799556183375269,
200,0.1,0.01,0.029617291577316383,
200,0.1,0.02,0.011558200935805748,
200,0.1,0.05,0.01762510803456216,
200,0.1,0.1,0.01720401674662139,
200,0.1,0.2,0.025227581995630185,
200,0.1,0.5,0.0238900137174306,
200,0.1,1,0.017396862702244626,
200,0.2,0.01,0.03448937140937888,
200,0.2,0.02,0.010256221101796933,
200,0.2,0.05,0.03493212748519139,
200,0.2,0.1,0.02031338594811967,
200,0.2,0.2,0.03249057339386209,
200,0.2,0.5,0.025443270262652907,
200,0.2,1,0.025994782756925332,
200,0.5,0.01,0.028179311126218447,
200,0.5,0.02,0.026791710196735537,
200,0.5,0.05,0.023589929099413997,
200,0.5,0.1,0.026687575018152082,
200,0.5,0.2,0.03313218796318074,
200,0.5,0.5,0.020768105677025354,
200,0.5,1,0.01824253776498636,
200,1,0.01,0.020815853163681165,
200,1,0.02,0.03875849896803619,
200,1,0.05,0.032355670022367354,
200,1,0.1,0.01996894865348141,
200,1,0.2,0.0209596183122522,
200,1,0.5,0.02310856608603387,
200,1,1,0.031539205277743065,
200,10,0.01,0.030292479320084532,
200,10,0.02,0.011924267930188968,
200,10,0.05,0.014489987576136999,
200,10,0.1,0.023802214571692078,
200,10,0.2,0.013580692225236937,
200,10,0.5,0.013124866272893793,
200,10,1,0.023387457156796815,
500,0.05,0.01,0.024523990637274583,
500,0.05,0.02,0.02491034448789996,
500,0.05,0.05,0.027529734044652535,
500,0.05,0.1,0.02491714582036933,
500,0.05,0.2,0.021269425585251422,
500,0.05,0.5,0.025218227933136498,
500,0.05,1,0.013213609393930075,
500,0.1,0.01,0.04202089583758935,
500,0.1,0.02,0.0414514510482321,
500,0.1,0.05,0.040318299778739776,
500,0.1,0.1,0.028002575144988478,
500,0.1,0.2,0.02509482132487215,
500,0.1,0.5,0.02550956944582398,
500,0.1,1,0.017693420489023427,
500,0.2,0.01,0.006617691198722621,
500,0.2,0.02,0.019816238937173016,
500,0.2,0.05,0.021366000830894637,
500,0.2,0.1,0.011413425985412251,
500,0.2,0.2,0.027878170300618673,
500,0.2,0.5,0.026236855763644696,
500,0.2,1,0.022960894555508062,
500,0.5,0.01,0.021575486247829997,
500,0.5,0.02,0.01883366249614107,
500,0.5,0.05,0.019807610319745806,
500,0.5,0.1,0.02347520264332005,
500,0.5,0.2,0.013576456846377885,
500,0.5,0.5,0.020739738602044137,
500,0.5,1,0.03235929683538489,
500,1,0.01,0.02201614038037233,
500,1,0.02,0.030060409906218565,
500,1,0.05,0.018484617454122287,
500,1,0.1,0.014760578432494807,
500,1,0.2,0.01695085195258101,
500,1,0.5,0.015216457941446972,
500,1,1,0.020749926000373755,
500,10,0.01,0.023866669366118417,
500,10,0.02,0.02746052738443857,
500,10,0.05,0.024898059357867208,
500,10,0.1,0.03441569466565081,
500,10,0.2,0.032370484325178674,
500,10,0.5,0.019661482470818163,
500,10,1,0.018512131138612237,
1000,0.05,0.01,0.042954024726276116,
1000,0.05,0.02,0.01907712746879848,
1000,0.05,0.05,0.020296905957141738,
1000,0.05,0.1,0.028136705515416905,
1000,0.05,0.2,0.020724706689876058,
1000,0.05,0.5,0.024342039798944025,
1000,0.05,1,0.03187389169796168,
1000,0.1,0.01,0.026381286153093583,
1000,0.1,0.02,0.022431327169316628,
1000,0.1,0.05,0.022247680424801276,
1000,0.1,0.1,0.02660851125732217,
1000,0.1,0.2,0.025422731408068163,
1000,0.1,0.5,0.02463700942132361,
1000,0.1,1,0.030592126492416664,
1000,0.2,0.01,0.04396486608790464,
1000,0.2,0.02,0.0159722134542285,
1000,0.2,0.05,0.017581792696355656,
1000,0.2,0.1,0.01362543712810102,
1000,0.2,0.2,0.05371499158913784,
1000,0.2,0.5,0.014634636377180448,
1000,0.2,1,0.03432896068780437,
1000,0.5,0.01,0.02548509116895054,
1000,0.5,0.02,0.02731062006847414,
1000,0.5,0.05,0.023184593089361133,
1000,0.5,0.1,0.019608206984842072,
1000,0.5,0.2,0.017649746345131865,
1000,0.5,0.5,0.022170479673509963,
1000,0.5,1,0.02113939078456898,
1000,1,0.01,0.029205283001027326,
1000,1,0.02,0.020560943517969093,
1000,1,0.05,0.01908728452707028,
1000,1,0.1,0.018272619211188727,
1000,1,0.2,0.03105390274197619,
1000,1,0.5,0.03161713609752689,
1000,1,1,0.03241978209182444,
1000,10,0.01,0.02225849927505923,
1000,10,0.02,0.024892103061983757,
1000,10,0.05,0.02148573787569616,
1000,10,0.1,0.020621510998364137,
1000,10,0.2,0.02519647788899809,
1000,10,0.5,0.02621631039965018,
1000,10,1,0.031240948943381554,
1000,100,0.01,0.020339385728829443,
1000,100,0.02,0.019858866303781718,
1000,100,0.05,0.027784829149050123,
1000,100,0.1,0.032446012504473674,
1000,100,0.2,0.019112430814528736,
1000,100,0.5,0.018676992425922034,
1000,100,1,0.01809364863584617,
1000,1000,0.01,0.03261594790740049,
1000,1000,0.02,0.01484861878258099,
1000,1000,0.05,0.01663266026001901,
1000,1000,0.1,0.02143140130736133,
1000,1000,0.2,0.02637733106077315,
1000,1000,0.5,0.01801672416928398,
1000,1000,1,0.030093116548516218,
1000,10000,0.01,0.025033961054018852,
1000,10000,0.02,0.022687849800666498,
1000,10000,0.05,0.02050099390488517,
1000,10000,0.1,0.021394183520202184,
1000,10000,0.2,0.025204508214696227,
1000,10000,0.5,0.024687166197665658,
1000,10000,1,0.01029222101696193,
1000,100000,0.01,0.02413192468471391,
1000,100000,0.02,0.012600854290322976,
1000,100000,0.05,0.037961894324776396,
1000,100000,0.1,0.03151350930853659,
1000,100000,0.2,0.021325888797317404,
1000,100000,0.5,0.012197575372553006,
1000,100000,1,0.03437498663777437,
1000,1000000,0.01,0.016391958637959295,
1000,1000000,0.02,0.018455077551944466,
1000,1000000,0.05,0.024848066574331848,
1000,1000000,0.1,0.018215371640431226,
1000,1000000,0.2,0.02161184598574865,
1000,1000000,0.5,0.02471345519997384,
1000,1000000,1,0.03378973677182246,
2000,0.05,0.01,0.02471427709545215,
2000,0.05,0.02,0.03361548744292468,
2000,0.05,0.05,0.01850415487392387,
2000,0.05,0.1,0.00648903580367644,
2000,0.05,0.2,0.03879270141513855,
2000,0.05,0.5,0.020431935218312883,
2000,0.05,1,0.02504897564575436,
2000,0.1,0.01,0.022837928886523307,
2000,0.1,0.02,0.01809612440687541,
2000,0.1,0.05,0.0348960734733578,
2000,0.1,0.1,0.018083705557733313,
2000,0.1,0.2,0.016120588464807413,
2000,0.1,0.5,0.008844426864129803,
2000,0.1,1,0.018093443664895067,
2000,0.2,0.01,0.029112178953325116,
2000,0.2,0.02,0.02368014823830181,
2000,0.2,0.05,0.028202541969965626,
2000,0.2,0.1,0.01604010298095905,
2000,0.2,0.2,0.0253182430172798,
2000,0.2,0.5,0.018011802270984083,
2000,0.2,1,0.013472017339468614,
2000,0.5,0.01,0.02367806860643978,
2000,0.5,0.02,0.030357388363412875,
2000,0.5,0.05,0.02278507580684839,
2000,0.5,0.1,0.031316404493981924,
2000,0.5,0.2,0.045854156477513876,
2000,0.5,0.5,0.01930557103083799,
2000,0.5,1,0.029632268717947104,
2000,1,0.01,0.025537199615953944,
2000,1,0.02,0.030281228656138935,
2000,1,0.05,0.02257568638274108,
2000,1,0.1,0.019104094324367847,
2000,1,0.2,0.02141095864728195,
2000,1,0.5,0.024363620271082607,
2000,1,1,0.028049243245926683,
2000,10,0.01,0.022053987249028784,
2000,10,0.02,0.03418900068857834,
2000,10,0.05,0.02092914123444147,
2000,10,0.1,0.015922451679935126,
2000,10,0.2,0.018452596360142275,
2000,10,0.5,0.02311692055635989,
2000,10,1,0.027766276449472414,
5000,0.05,0.01,0.02252182240634437,
5000,0.05,0.02,0.014815971575431866,
5000,0.05,0.05,0.023354704998970834,
5000,0.05,0.1,0.023964578318043907,
5000,0.05,0.2,0.027644190680954153,
5000,0.05,0.5,0.029790168919743665,
5000,0.05,1,0.024645800940819113,
5000,0.1,0.01,0.014629388466584068,
5000,0.1,0.02,0.02434901540123943,
5000,0.1,0.05,0.024528154117954466,
5000,0.1,0.1,0.01827157597669369,
5000,0.1,0.2,0.011428163544106263,
5000,0.1,0.5,0.029894942228230786,
5000,0.1,1,0.01805687376622029,
5000,0.2,0.01,0.021578755025665353,
5000,0.2,0.02,0.023782652969285546,
5000,0.2,0.05,0.014778995653342447,
5000,0.2,0.1,0.024327829869034947,
5000,0.2,0.2,0.04307878805220998,
5000,0.2,0.5,0.024989537716296056,
5000,0.2,1,0.04188225996241112,
5000,0.5,0.01,0.01834318170662034,
5000,0.5,0.02,0.02630723497490857,
5000,0.5,0.05,0.020561545007911883,
5000,0.5,0.1,0.021904743209817445,
5000,0.5,0.2,0.018286901501197106,
5000,0.5,0.5,0.017674876705419566,
5000,0.5,1,0.03485648134924517,
5000,1,0.01,0.011374847666482167,
5000,1,0.02,0.020468233845682613,
5000,1,0.05,0.0385571318998768,
5000,1,0.1,0.01920566613679368,
5000,1,0.2,0.02061091160067429,
5000,1,0.5,0.02123688655326667,
5000,1,1,0.017084853841566144,
5000,10,0.01,0.022456314715456244,
5000,10,0.02,0.025649850006491608,
5000,10,0.05,0.029054618793269253,
5000,10,0.1,0.014645260251304094,
5000,10,0.2,0.026228426666027996,
5000,10,0.5,0.022048910293382337,
5000,10,1,0.0314307032509115,
10000,0.05,0.01,0.021940169896177295,
10000,0.05,0.02,0.022778984760579518,
10000,0.05,0.05,0.022244932028106054,
10000,0.05,0.1,0.04262419479830887,
10000,0.05,0.2,0.02526392363075431,
10000,0.05,0.5,0.019738789694760565,
10000,0.05,1,0.018488048254032,
10000,0.1,0.01,0.024477242394965282,
10000,0.1,0.02,0.025045898878235922,
10000,0.1,0.05,0.02746377923202729,
10000,0.1,0.1,0.013193151930763633,
10000,0.1,0.2,0.011590650381275136,
10000,0.1,0.5,0.02245069544360058,
10000,0.1,1,0.028344190982229116,
10000,0.2,0.01,0.03094185530827281,
10000,0.2,0.02,0.02361343230393018,
10000,0.2,0.05,0.03638937110627448,
10000,0.2,0.1,0.029608030086271477,
10000,0.2,0.2,0.022563063162428475,
10000,0.2,0.5,0.032311319261448174,
10000,0.2,1,0.021047503270711837,
10000,0.5,0.01,0.016026817080475514,
10000,0.5,0.02,0.03355493686578389,
10000,0.5,0.05,0.025109925425998394,
10000,0.5,0.1,0.025966340684471772,
10000,0.5,0.2,0.023248737792435942,
10000,0.5,0.5,0.02018628066199492,
10000,0.5,1,0.016436499050455244,
10000,1,0.01,0.03260003165589905,
10000,1,0.02,0.018825175210267314,
10000,1,0.05,0.04079454075909311,
10000,1,0.1,0.026645985582016602,
10000,1,0.2,0.016341168934979302,
10000,1,0.5,0.015214017377918155,
10000,1,1,0.030766168651529858,
10000,10,0.01,0.018804970563731684,
10000,10,0.02,0.027778722489279005,
10000,10,0.05,0.01816858341617107,
10000,10,0.1,0.017718407605233615,
10000,10,0.2,0.024898269920481605,
10000,10,0.5,0.02223016541735926,
10000,10,1,0.027329671818442276,
10000,100,0.01,0.015324286218773766,
10000,100,0.02,0.031219723872297343,
10000,100,0.05,0.015548026008281339,
10000,100,0.1,0.020760195881159314,
10000,100,0.2,0.018964527075843046,
10000,100,0.5,0.01927518284796718,
10000,100,1,0.023833918483113913,
10000,1000,0.01,0.019493893709235238,
10000,1000,0.02,0.01708164077540217,
10000,1000,0.05,0.02067007837913921,
10000,1000,0.1,0.022864660205112068,
10000,1000,0.2,0.01898733088236804,
10000,1000,0.5,0.015810764267486985,
10000,1000,1,0.02537633866109969,
10000,10000,0.01,0.023758822525429015,
10000,10000,0.02,0.02450337279380896,
10000,10000,0.05,0.027624800398298573,
10000,10000,0.1,0.021399924455955767,
10000,10000,0.2,0.03758399822606412,
10000,10000,0.5,0.018463298723946222,
10000,10000,1,0.025686646102012187,
10000,100000,0.01,0.019841310399062968,
10000,100000,0.02,0.020406525607987804,
10000,100000,0.05,0.02894836313607609,
10000,100000,0.1,0.032326436246214695,
10000,100000,0.2,0.01948025117964337,
10000,100000,0.5,0.026377746519297193,
10000,100000,1,0.01944151138562192,
10000,1000000,0.01,0.03913043769607759,
10000,1000000,0.02,0.024123156629417716,
10000,1000000,0.05,0.04429494135238103,
10000,1000000,0.1,0.02036012881932809,
10000,1000000,0.2,0.035404629951149326,
10000,1000000,0.5,0.029352906883145628,
10000,1000000,1,0.03243000680629539,
10000,10000000,0.01,0.031643708517083834,
10000,10000000,0.02,0.012741340892264951,
10000,10000000,0.05,0.018088829347951405,
10000,10000000,0.1,0.021928779347546286,
10000,10000000,0.2,0.0261848891574236,
10000,10000000,0.5,0.01617822887248359,
10000,10000000,1,0.026726465727610747,
