nch,z,interval,mag,share_soft,share_top2,share_stiff,c_soft,floor
5,0.1,0.01,0.3011122899443667,0.052119818133325245,0.19443645152709763,0.012694380699109279,0.06874322893076777,0.026601462188540072
5,0.1,0.02,0.2383175114074153,0.02568814982355091,0.13222094088722047,0.6331764079987166,0.03819639430476432,0.026041457978568956
5,0.1,0.05,0.23213875273527892,1.841492149356132e-4,0.01236374881262177,0.4161699508429474,0.003150159781688613,0.025000785698355846
5,0.1,0.1,0.21153077120129762,0.043166268186473865,0.04660105998586251,0.22916584004489834,0.04394867691433375,0.02483031812194718
5,0.1,0.2,0.23953427760943402,0.040507908296222236,0.095320332709347,0.0485511612333353,0.04821004970723079,0.024181535732093338
5,0.1,0.5,0.2758007421919635,0.17610717952786475,0.23885873063074714,0.01601739384827831,-0.11574012880820904,0.02384594346485675
5,0.1,1,0.2577012465823682,0.2136331731245887,0.352923498058682,0.00322817946005863,-0.11911072413872388,0.024086168921174947
5,1,0.01,0.12220112167605482,0.018791337831437264,0.1039647542784427,0.027873714750352233,0.016751513145361475,0.024399676314740847
5,1,0.02,0.10008176779140411,0.06377624733218248,0.10201481977423292,0.010451937462358764,0.025274609162273694,0.0242946161685508
5,1,0.05,0.10673668983705033,0.09403092591270969,0.10711627465986943,0.03227046381632234,0.03273023220642801,0.02423921306071259
5,1,0.1,0.08827501060299249,0.022840681663999184,0.07612729168264902,0.012861092636411612,0.013341120563202509,0.02445110019966909
5,1,0.2,0.10490476803193571,0.17044816421265302,0.1724932629189773,0.0097219073651537,0.043310319928317104,0.024281047585817936
5,1,0.5,0.1051999749515148,0.0026795263025762685,0.03960378197534241,0.13014911222755376,0.005445586345842143,0.02430395005120219
5,1,1,0.09319584004654549,0.03481225848072735,0.2983901896383137,0.021647935273344052,0.017388520315121135,0.024718732178486597
10,0.05,0.01,0.22169305407977952,0.01774284405965783,0.02951856504924844,0.8168020457859797,0.02953001748619905,0.025951225057917075
10,0.05,0.02,0.21689448525522617,0.023407874895713613,0.04504982748029548,0.7526626024772736,-0.03318405875435252,0.025834311670123775
10,0.05,0.05,0.18094174256665213,0.06653099368066365,0.07838251677106071,0.43887830601769157,-0.046671394075483,0.025550885661496055
10,0.05,0.1,0.21024543494908005,0.050055708278046396,0.07547010609110062,0.11310633638131405,-0.04703849090715531,0.02505820253216914
10,0.05,0.2,0.23721001239505715,0.054190767481571776,0.12045241780636194,0.04165574203678552,-0.05521990652063057,0.024563161654708728
10,0.05,0.5,0.24592544277379083,0.272052735880455,0.6051176267620267,0.0016368997411454506,-0.12827145199192586,0.023830485662871905
10,0.05,1,0.2277528859329193,0.3237891430652694,0.4119869369659555,6.909630289433264e-4,-0.12959702436740353,0.024214412636403025
10,0.1,0.01,0.2064492863567508,0.0243824025937168,0.02974933986180687,0.039044860493642725,-0.03223677847983003,0.025213715449685155
10,0.1,0.02,0.18229914853937573,0.030826707966107068,0.039581856656486926,0.8046376808387967,-0.032007239113732745,0.02532774274066482
10,0.1,0.05,0.16989728917365535,0.01263018561837462,0.02149790638175242,0.49384000604293293,-0.019093753698546278,0.02509719201414417
10,0.1,0.1,0.16714790333298082,0.003890107658720976,0.02290891085188401,0.26311262417003156,-0.010425136344165148,0.02504785571665291
10,0.1,0.2,0.21985560687126646,0.0386123813420288,0.05442332067967234,0.07268070607279051,-0.04320170022668451,0.024364522078343408
10,0.1,0.5,0.22130999992473604,0.12422894762475711,0.5038307903017295,0.022349107681582197,-0.07800320388040284,0.02380324753703864
10,0.1,1,0.1780012411382801,0.24860978674460193,0.453343636026812,0.01824492319727253,-0.08875281590263358,0.024413097251339066
10,0.2,0.01,0.15512562536147909,0.007935725219089975,0.014272928610842296,0.012902560184766028,-0.013819007613297976,0.024804778783632648
10,0.2,0.02,0.1579296718701335,0.012342415397497537,0.017720241321218896,0.012572586162542629,-0.017545421768299315,0.025080190504376005
10,0.2,0.05,0.13117080086671631,0.006781756359322616,0.011870823631153616,0.5347232063894295,-0.010802101700616242,0.024606802597999695
10,0.2,0.1,0.14218979211034663,0.018630342972126287,0.022408434144296975,0.370202729904642,-0.019407913337950108,0.02464302223622754
10,0.2,0.2,0.15735755195226964,2.8379542428548545e-6,0.002153462911014942,0.2356632956329767,2.650881321277131e-4,0.024377544522690114
10,0.2,0.5,0.15762413212615742,0.024997368415881183,0.285029583403734,0.08357631785834467,-0.02492125183532741,0.024109242691380543
10,0.2,1,0.1560463805124072,0.18055817773384708,0.5147306947645707,0.009699795170851826,-0.06630744308559476,0.024421666306885272
10,0.5,0.01,0.12693893120444058,0.0028353639134096093,0.015937535043938106,0.012217634112834878,-0.006759261384186567,0.02468305949587332
10,0.5,0.02,0.10061596725231631,0.0011704827562744437,0.006231318754852249,0.025685148128795663,0.0034423055459503237,0.024444002877629697
10,0.5,0.05,0.10567960277933858,0.012368137339933286,0.016421012645538437,0.0028625415774364378,0.011752853475956898,0.02457229534190919
10,0.5,0.1,0.10171204208781656,0.006367523691892802,0.011782736871388097,1.5563930348386305e-5,0.00811629191213896,0.02452963332666094
10,0.5,0.2,0.12085280200313332,0.015291935973389927,0.027566501997574912,0.0023679576836305796,0.014944726088941202,0.02435102452334248
10,0.5,0.5,0.13240767025243863,0.007399177761502486,0.29064020600139917,0.0010369661995555592,0.01138950565805268,0.02443725672334488
10,0.5,1,0.1129754348582254,0.009311116902677479,0.6798930225165087,0.003455247910532096,-0.010901466168186335,0.02456441945851446
10,1,0.01,0.07768342958402419,0.07352922386550761,0.07353047196824573,0.0016783071342781188,0.02106485051581459,0.024408151265780102
10,1,0.02,0.08315193355566568,0.01093044487746983,0.011149714554368919,0.00672961920659034,-0.008693432204953437,0.02441578296869377
10,1,0.05,0.05841082853039245,0.10185476720783526,0.1088568296969727,0.0018364294209109752,0.018641636995843737,0.024483082050472914
10,1,0.1,0.07464542046141079,0.0022000100598510678,0.003118992536515572,0.0026222691681216164,0.003501188570152744,0.02443086779676817
10,1,0.2,0.06129985940814849,0.180267160593555,0.18309795683670638,0.004138637591248458,0.026026620977538554,0.02441071711993072
10,1,0.5,0.08302057617145836,0.017553560690210978,0.16828430766040384,0.0036089288455566602,0.010999383789514343,0.024340019463752274
10,1,1,0.07753716312834194,3.2692582328203986e-7,0.5604493301996231,8.337078012460788e-9,-4.433375535058328e-5,0.024584741096617277
10,10,0.01,0.017386826994820543,0.37296468336103716,0.3747789445918052,0.0038556330026284624,-0.010618280348892202,0.02464356444347406
10,10,0.02,0.03865942599884974,0.24547108697902678,0.4078715340111355,0.011136681622742168,-0.019153827611364905,0.02452633974086943
10,10,0.05,0.028870765322424198,0.17742283595904207,0.18630032650485398,9.818511252155977e-6,0.012160825451964223,0.024632668612559156
10,10,0.1,0.020618557964529553,0.39091557703470353,0.6014915417540398,0.14160322675575843,-0.012891390860353659,0.024455151390085066
10,10,0.2,0.02921325157611464,0.024534243740474554,0.18888366570585627,0.02208968963424387,0.004575791597883294,0.024601200926522262
10,10,0.5,0.025381471611826162,0.5865339854291309,0.6490472607825479,0.022463027499869618,-0.019438528671322175,0.024549977645924842
10,10,1,0.027138269393431072,0.09155303462462223,0.27271785789038233,0.0024573829724147725,0.008211424824576033,0.024600970574603462
10,100,0.01,0.0222888506590259,0.15223305573837423,0.15568616637701854,0.1867559967640179,0.008696453053407655,0.02459150077302993
10,100,0.02,0.00886154390896418,0.02351509873287991,0.06043498057387537,3.370874529596768e-6,0.0013588852888255384,0.02439009385823336
10,100,0.05,0.019037346326881935,0.5307377016957712,0.5846351113541792,0.25060576971069776,0.013869039350223319,0.02461114028308751
10,100,0.1,0.03780188154691354,0.09170259498174935,0.6218302326374454,0.21113852064270375,-0.01144733070934452,0.024588820652269954
10,100,0.2,0.034619852483388724,0.05815938145619194,0.060802205698508936,0.18746521209531197,-0.00834901233142032,0.024392529344691917
10,100,0.5,0.023558609529115815,0.39718064887244575,0.5720768693249862,0.17926616188818403,0.014847170454793225,0.024728268790125206
10,100,1,0.02192097324211985,0.18338190007180727,0.18804331700722873,0.1034335182201644,-0.009387243126066721,0.024584964580507095
10,1000,0.01,0.021558504304455852,0.0011174849041008976,0.02885431940114497,9.464344909877397e-4,-7.20675004360148e-4,0.024553640245561406
10,1000,0.02,0.030297444949507285,0.3223333437427672,0.35228803998149716,0.01476485384287356,0.017201195099067222,0.02468152092563436
10,1000,0.05,0.02397026913567055,0.022378411202302783,0.3036131079131731,0.14975362286286054,-0.003585812155843392,0.024412679429670722
10,1000,0.1,0.025458542918131773,0.8262232563245253,0.8419754716139409,0.013787524056116001,0.02314100687917983,0.024530933645133167
10,1000,0.2,0.026541096880099667,0.040251548485362,0.2084718901924008,0.184596959175843,-0.005324884148892214,0.024483723540407114
10,1000,0.5,0.02878897317298718,0.5399118577038339,0.6880564855576994,0.005973766446738052,0.021153761709398092,0.024581922905463703
10,1000,1,0.013113114438826064,0.0054009050352644096,0.06722239915359017,0.0035895497847075798,9.636939263941634e-4,0.02436418749099573
10,10000,0.01,0.02509350816556084,0.17918507660020255,0.596622689302664,0.3451175060274961,0.010622146817848125,0.024496407433045788
10,10000,0.02,0.011941921268072607,0.5166366520319469,0.5174502468277968,0.02991755362596332,0.008583547410079325,0.024573463313204362
10,10000,0.05,0.013492500425385195,0.6758852994156483,0.7518308169109175,0.22103073671620427,-0.011092487314503406,0.02437422639638766
10,10000,0.1,0.03347185143916168,0.17418353495902353,0.639741312046464,0.2744567024152342,0.013969577948525795,0.024680596812906255
10,10000,0.2,0.03733605847930659,0.38134325242221606,0.48432236051582084,0.09341540095812768,0.0230561347272351,0.02461897337203932
10,10000,0.5,0.016824107085956063,0.0628778384563248,0.13833400114471942,0.043615946898875574,0.004218721203919985,0.024519764299222875
10,10000,1,0.03189158031937695,0.2521767441067474,0.26054912949709425,0.45624336856894354,0.016015059514335978,0.024717714036838517
20,0.05,0.01,0.1825957845954509,0.00591135129162353,0.006128983369743576,0.8904370296246569,-0.01403893397571687,0.026022797629327823
20,0.05,0.02,0.16826095531735524,0.01118616104675372,0.01157214317770795,0.7267759782997829,-0.017796060934160765,0.025802026605070257
20,0.05,0.05,0.15809077873452307,0.004708888250469484,0.005976255398240572,0.41080523582586836,-0.010848401017440524,0.025462781698386245
20,0.05,0.1,0.1529993916194296,0.017231093426456644,0.0405674691871287,0.21452875341989147,-0.02008381084877052,0.02489275016190817
20,0.05,0.2,0.1929845676081507,0.015458840957277342,0.01614553357129511,0.04116921470891005,-0.02399446360474188,0.0245719691810446
20,0.05,0.5,0.17141898219061544,0.2681907883717853,0.7016550521655842,7.155919943192988e-4,-0.08877298853093209,0.023928666384157433
20,0.05,1,0.1291453892892727,0.4061537964125209,0.47434387608721806,0.0018015186375979883,-0.08230461054911496,0.02434259958338483
20,0.1,0.01,0.15383354805832708,0.01788461592691261,0.041172778761467084,0.001885488653154415,-0.02057267976447818,0.025400676875666245
20,0.1,0.02,0.1496286779765929,4.7188809442653925e-5,0.008966119812876965,0.10641012996030169,0.0010278609077076337,0.025324201212071393
20,0.1,0.05,0.12294620539466325,4.4733035146613464e-4,7.38486572639215e-4,0.12371484998398577,0.0026003350645163303,0.025082949590158474
20,0.1,0.1,0.11986227944659174,0.002440994331119878,0.0026631259605124948,0.10814800382853426,-0.005921966113100456,0.02488310520177903
20,0.1,0.2,0.16638338784870876,0.0011741310614139012,0.007256633641378372,0.04141533247953558,-0.005701225930146193,0.024536470892357443
20,0.1,0.5,0.15066801674712296,0.1891367797402036,0.8373609957365605,0.01970892499377304,-0.06552530737559208,0.024059818910377485
20,0.1,1,0.11320534055434045,0.3119780546550911,0.5700143717835218,0.003608085049369985,-0.06323083811809099,0.02445892691241738
20,0.2,0.01,0.1329732160335143,1.5659715624854053e-5,0.04688285608611525,8.901153735597854e-5,5.262063784568087e-4,0.024974163778023903
20,0.2,0.02,0.12329785182061861,0.005273983965590359,0.029208222114230634,0.022966506679375952,-0.008954161282289081,0.024908973267895727
20,0.2,0.05,0.10593016234151513,0.04979801311179763,0.05050274275922167,0.021750987057668324,0.02363881193202726,0.024734870033646723
20,0.2,0.1,0.11423855831365495,7.467634685628534e-5,0.01978860499565661,2.3301729173627999e-4,-9.871979522011042e-4,0.02454181692224419
20,0.2,0.2,0.10830730945456815,0.015867597286786293,0.06083466442015348,0.0046183800798720595,0.013643109103532012,0.024554019480825712
20,0.2,0.5,0.11914410567243991,0.060612706820978746,0.6978281669853564,0.015574467387343032,-0.029332859442995393,0.024075670532446213
20,0.2,1,0.08944430526037477,0.34890935300599746,0.7177023033338221,3.6049308388096005e-5,-0.05283345365214031,0.024497783302415827
20,0.5,0.01,0.05876388141342883,7.009580347377547e-4,0.004346486588814984,0.013164928202391055,-0.0015558097283142206,0.024625990462265292
20,0.5,0.02,0.08176104932528372,0.001443375910509573,0.003975306075620877,0.012176074400249775,0.003106248404280261,0.02470348556598936
20,0.5,0.05,0.08574000701116913,0.04601384823398786,0.06717880659277692,0.022857020392571488,0.01839195063344303,0.024644745456850036
20,0.5,0.1,0.07440104597799659,0.04350481896943724,0.09516226068218646,0.016180400027275735,0.015518427946627502,0.02455808780589689
20,0.5,0.2,0.08908259181608419,0.159837872120644,0.17173336748888707,0.0014023231347383063,0.03561497868610123,0.02424342763461196
20,0.5,0.5,0.08203733648500429,0.0037278211457017593,0.6484767561194589,0.009930896174674212,0.005008862217451408,0.024265166668209236
20,0.5,1,0.06916551257817709,0.06022141387643857,0.7265612002604698,0.028919720981897008,-0.0169732525639371,0.024425937149050295
20,1,0.01,0.07055256638445305,0.008512867830940365,0.020555262668891554,0.02477349480649464,0.0065095469155717536,0.02453898453308815
20,1,0.02,0.06083489215816178,0.011740182165906077,0.05939694198718271,2.485624962527469e-6,-0.006591589607570803,0.02460351094561217
20,1,0.05,0.0485476978520797,0.28109282175742173,0.30148854344650056,0.13164230710749417,0.025739109528124127,0.02448269464566986
20,1,0.1,0.04425932655203438,0.03673405468804734,0.20251698373060115,0.06268918564583685,0.008482800153034693,0.02457370760056576
20,1,0.2,0.05447707626891124,0.029445008029045795,0.10223699048589775,0.014969614822456142,0.00934801993589764,0.024390526527972238
20,1,0.5,0.06577924028324554,0.020094346909947915,0.644756858657735,0.03222751912171872,0.009324505321298042,0.02440119324283082
20,1,1,0.05747642193031548,0.02095197278865892,0.7651149119606218,0.07734590744029386,-0.00831959499414943,0.024600677469099188
20,10,0.01,0.02782814098145264,0.2790995896032609,0.3420376186433594,0.00863969483171126,-0.014701572631338134,0.024493912170269132
20,10,0.02,0.020559037952550548,0.38557137561953386,0.39544875911673355,0.1432835689312149,0.012766010012258801,0.02443871921166631
20,10,0.05,0.025915901518649025,0.27815458233384893,0.27852456980421286,0.16334886986617175,0.013668140373418701,0.024529353939299947
20,10,0.1,0.014384707054902657,0.2082731068777644,0.21140825967310495,0.27125454755718037,-0.006564741351130113,0.024499704374465307
20,10,0.2,0.02398715931909269,9.551592400662567e-5,0.4035074837237747,9.251025241241759e-4,-2.344319015848598e-4,0.02440005134001137
20,10,0.5,0.03035096830172263,0.4322468024431502,0.5392821769946311,0.0857576406011312,0.01995438952686475,0.0246338151275134
20,10,1,0.020636045497609338,0.09389203074799321,0.45224507247588747,0.3354299376535623,0.00632325713701547,0.024655964534759277
50,0.05,0.01,0.10323374798573577,0.04681415185729611,0.0854496172410477,0.0065732945772578886,-0.022336250668222233,0.025657092104395405
50,0.05,0.02,0.09548061805311821,0.012571952596459806,0.028861338145478855,0.004733098416835724,0.010705737463034127,0.02552863969339497
50,0.05,0.05,0.084437987473057,0.013232243759592123,0.013590434256093128,0.047558413691554106,0.009713027536574255,0.025060578456377162
50,0.05,0.1,0.08406359083360669,0.01218069141652592,0.06578180169284625,1.1429099220173837e-5,0.009277776532400266,0.024900993751881758
50,0.05,0.2,0.09316762524973343,0.029837093847103167,0.7780500454615105,0.0012120780149838003,-0.016093232515878717,0.024380683056070034
50,0.05,0.5,0.08628383574106277,0.39668202659388885,0.933676779644698,0.016083496835898412,-0.05434388781487684,0.024232841046939558
50,0.05,1,0.05327209310313802,0.09685442392682309,0.24857802823533043,1.18245223151094e-4,-0.016579044302821602,0.02439196032779716
50,0.1,0.01,0.0832996706591548,0.019562082528800134,0.06312739045583204,0.002313145894446372,0.011650668028247494,0.02526163607229402
50,0.1,0.02,0.07998067919973678,0.004849002081650138,0.012791157451151747,0.0026730154001934348,0.005569436710884656,0.025074679926272957
50,0.1,0.05,0.07758244826068687,0.009145566708890817,0.12572096008819308,0.001333492361658314,-0.007419400097366369,0.025055202008003975
50,0.1,0.1,0.07385445935136664,9.373649502168223e-4,0.03361814953065869,0.006300589607385092,0.0022611588769265363,0.024921704550669985
50,0.1,0.2,0.09147930612478762,0.02973035061184906,0.7705411746759937,1.8703221966849008e-4,-0.015773311396893558,0.0244934122691862
50,0.1,0.5,0.05717468434017819,0.08028800993482023,0.8648982285149257,0.004189880944392512,-0.016200526252340215,0.024281320519918492
50,0.1,1,0.050961733747208776,0.20546899843383648,0.24167563495255975,0.16195942201689348,-0.023100285450079715,0.02447042525386125
50,0.2,0.01,0.08757672001872825,0.0028103041140338275,0.09645280320394359,3.3957592071108853e-4,0.004642643489075842,0.02493013751134921
50,0.2,0.02,0.06535942734642275,0.06848264413257421,0.0865807215618476,0.015618875006322015,0.01710403192684406,0.024937442644724316
50,0.2,0.05,0.061476146254949696,0.03187800233005575,0.08082165111517342,0.019735571591023984,0.010976204355487249,0.02480217392308043
50,0.2,0.1,0.05634553894326725,0.016017047922068307,0.034006309921338816,0.018872751348872955,0.0071310055546707435,0.024685521821975996
50,0.2,0.2,0.059366689958233625,7.008552997308612e-4,0.5279115721757325,0.003611080017881476,0.0015716542671036229,0.024625630701649096
50,0.2,0.5,0.04968107352576881,3.7474637074004696e-5,0.8401387229107972,8.7778779000646e-5,-3.0413029937237883e-4,0.024343149696467347
50,0.2,1,0.03134893910110273,0.14621261013520265,0.1505399066863492,0.008428371049032527,-0.0119871313234654,0.024757117331316417
50,0.5,0.01,0.0503224543254805,2.9573843097924717e-4,7.376887338278956e-4,0.023802441658973522,8.653976201778323e-4,0.024689791365057452
50,0.5,0.02,0.050262206848755625,8.731142270337811e-4,0.10236839058818491,0.0017364327383992725,0.0014851731378253486,0.02467617776704933
50,0.5,0.05,0.038667812164718755,0.33119593998271807,0.33131157924312027,0.05956250036584158,0.022253181105416943,0.02467492543563373
50,0.5,0.1,0.06046464528073444,0.010065191746402235,0.05633743195136333,0.0033582850552743323,0.006066141489889849,0.02459837241361607
50,0.5,0.2,0.06675195596919231,0.0046059486141485605,0.32662316011658915,0.021968901402521907,0.004530264302857302,0.024484571618434228
50,0.5,0.5,0.04789158533401874,0.02246347581463076,0.6790964459385039,0.011140682711803209,0.00717790476148477,0.024408347496403002
50,0.5,1,0.05050789073637164,0.2740115206840336,0.6512302073559234,0.0021720692844754384,-0.026438915921522897,0.024246059287096253
50,1,0.01,0.0225350421842456,0.26373031918026063,0.2760728224654473,0.04357129535619074,0.0115727988759634,0.024550687316943466
50,1,0.02,0.047504035652197255,1.7310767360862365e-5,0.005029043317396514,0.04095927322298673,1.9764628977628e-4,0.02462551755411855
50,1,0.05,0.018750747180620895,0.08792055499012749,0.08924619692198651,0.05178001743743685,0.005559859137861173,0.02450531043504627
50,1,0.1,0.020941751791751197,0.16990518185666362,0.35956964150809484,0.04473631069655409,0.008632097162380663,0.024661610400464207
50,1,0.2,0.04921681733828478,0.00927103962566402,0.09350568976355061,0.009619525109721274,0.00473890218719036,0.02439438933544187
50,1,0.5,0.037991892370019265,0.04959190243636965,0.3200944581669733,0.16542187172825093,0.00846050547222538,0.024489301875271336
50,1,1,0.028057343343299044,0.22894777327262641,0.5121096585433447,0.16660185661554888,-0.013425014354103983,0.02450262175771304
50,10,0.01,0.03780936010980031,0.14835042540926632,0.4730593685340427,0.047906361984550644,0.014562761111996288,0.024322301827783263
50,10,0.02,0.027920126185177547,0.25168441585238155,0.266245216419019,0.3507494908028344,0.014007013244917483,0.024437545706776163
50,10,0.05,0.02759076312536569,0.8759873886151891,0.91369855912119,0.001487015094280943,0.02582335344994024,0.02458211652375919
50,10,0.1,0.027273822374350352,0.013432913165113167,0.04796896032973202,0.8235848144576116,0.0031610481516754258,0.02434347086441727
50,10,0.2,0.015212608504633369,0.09734153401696374,0.09754638522052204,0.02204063229902134,-0.004746273734419817,0.02432392378093149
50,10,0.5,0.021172251055827717,0.21675326624937122,0.305948930516863,0.0073529125721878506,-0.009857115840565303,0.02438291705442823
50,10,1,0.019121245369953587,0.02555452828697919,0.11682764167132204,0.2690468946883406,0.003056680939741014,0.024479015663708976
100,0.05,0.01,0.061177171764530136,0.05130221593985108,0.08515804458666688,0.03196117091353686,0.013856624804878157,0.025443541842359703
100,0.05,0.02,0.05536508049890585,0.005169881312394142,0.04748843040996427,0.0566518033893377,0.003980853745697899,0.02523098045538736
100,0.05,0.05,0.060308443026120026,0.01149995786506314,0.09456651711239426,0.0392996511621701,0.006467348158509113,0.024956201278469068
100,0.05,0.1,0.04534615683542868,0.0038874278092038126,0.5291014351793555,0.002615831699115819,0.002827298444929218,0.02492418451104292
100,0.05,0.2,0.03790108702103521,0.013541441325138402,0.7296227606603636,0.007738443562397497,-0.004410462278840579,0.024656531199657813
100,0.05,0.5,0.01840304108551591,0.43475014833695447,0.7198431400654657,0.1492154923110731,0.01213415295672379,0.024413074405334894
100,0.05,1,0.04024567778641665,0.027595172992970218,0.2879546160555191,0.006017453605355588,0.006685529451569598,0.02444401141840335
100,0.1,0.01,0.04602816852272923,0.010488519404333665,0.23217743538630686,0.025363903411839247,0.004713904583548117,0.025164708569033814
100,0.1,0.02,0.05682946922123042,0.020064060085602305,0.18499992738523185,0.03414886588925273,0.008049761434956686,0.02505531596830855
100,0.1,0.05,0.044500839801002556,0.005874792432991455,0.04859700569996302,0.0606854814553462,0.003410864526041719,0.024784050805376885
100,0.1,0.1,0.028230340600038307,0.1616150281965014,0.662059037914092,0.017376388149592067,0.011348984140658398,0.024632556897395904
100,0.1,0.2,0.05225035281323447,0.11276401217584553,0.3155926896844404,0.02370198006083693,0.017545853028545066,0.024430101119786808
100,0.1,0.5,0.037636482710817,0.0037526797512082684,0.3369562021936564,0.036698852434733385,-0.0023055778009401606,0.024284812271133535
100,0.1,1,0.01979390425729657,0.2413474559554559,0.5241266738570729,0.021020792583155597,-0.009724176386606578,0.024544845571385806
100,0.2,0.01,0.030554690209204833,0.046239445611489904,0.06697211213877476,0.012764480850750015,0.006570284782666772,0.02486777860623231
100,0.2,0.02,0.0400928110223089,0.004108600477006454,0.17508213855540974,0.026427745659951152,0.002569883660220492,0.024806689512377838
100,0.2,0.05,0.041539274764452704,0.0012831740160837797,0.12181620306194565,0.04821004735580049,0.0014879957413096757,0.024693070375156487
100,0.2,0.1,0.03326369779588358,0.13994292073234593,0.22306787815293405,0.046809052320509546,0.012443598597092636,0.02468969934214345
100,0.2,0.2,0.020235631317345765,0.027279219506159896,0.21031669002025596,0.2949224387086988,0.0033422022589359485,0.024499987954620796
100,0.2,0.5,0.04549129271988373,0.02963561629030384,0.5669680494734803,0.09747758993752514,-0.007831325221260019,0.024215545895743252
100,0.2,1,0.04327110526005243,3.5205287912329944e-4,0.390292156243092,0.0012914723018103815,8.11898873022474e-4,0.024355730703997883
100,0.5,0.01,0.04547052466997,0.0032689365932645604,0.09700753691196345,0.07592585161287381,0.002599759739016863,0.02467225523254797
100,0.5,0.02,0.02880519022123339,0.04799471870222096,0.1108897590647282,0.6611082904433655,-0.006310553788540068,0.024780978853777016
100,0.5,0.05,0.030279988891756864,1.9856798811265772e-4,0.3690364976351545,0.041918002846848657,4.2668790192864904e-4,0.024676383269117023
100,0.5,0.1,0.03006236321457542,0.16758866208515674,0.19031057184382386,0.015893466864272184,-0.012306808266937802,0.0245943651906593
100,0.5,0.2,0.03291946396472923,0.003427542300044836,0.10768321099981007,0.006137906088788087,0.0019272771237967433,0.024547665230316436
100,0.5,0.5,0.031160739432148355,0.007039958185321334,0.008719843293838722,0.4106467085794796,-0.002614524973925642,0.024477124230506492
100,0.5,1,0.018315001679181157,0.6571509394402694,0.6807827945334387,0.0036979903521183817,-0.014847028061338552,0.024362856631063138
100,1,0.01,0.03753093722309056,0.37885841337012693,0.5858489330658357,0.00953397624625604,0.023100845622090357,0.02469269119649748
100,1,0.02,0.03729074023366451,0.058112457642744725,0.12612359333965079,0.01763309911647833,-0.008989501840269944,0.024717227970937273
100,1,0.05,0.016948992686875077,0.3141568090383779,0.8000211775139547,0.031981778369402865,-0.009499858375129908,0.024546912630412854
100,1,0.1,0.022398531088083123,0.24165087132493698,0.4724053100059755,0.29545525608823736,0.011010669341015212,0.024525253342095925
100,1,0.2,0.014172039310881762,0.13886075485005775,0.13902993693210278,0.3980871001993849,0.005281072251469905,0.024617017676009146
100,1,0.5,0.03486205549209479,0.40782919006588414,0.8673991784247724,0.028588956704440047,0.022263433528984487,0.02453117107159542
100,1,1,0.013932006403965648,2.6066150210991758e-5,0.8458446364409705,4.372261428745082e-4,7.112988593044923e-5,0.024751221479037747
100,10,0.01,0.023557951946287195,0.1645303097554699,0.16453043024281222,0.2075042920079639,-0.00955565561091063,0.024568564598391806
100,10,0.02,0.018506208894699578,0.04234288795290021,0.04294098457906798,0.4885330727590169,-0.0038080943302286428,0.024545744627616245
100,10,0.05,0.027791966391852916,0.12478198458103222,0.12774120632516459,0.007689809201309721,-0.009817371380411078,0.024504695922870287
100,10,0.1,0.01256602723109469,0.002262847685124943,0.5865907102412441,0.11149028426528304,-5.977583584331787e-4,0.024604799082482493
100,10,0.2,0.024599323164397967,0.29488602719228096,0.30979758760591,0.04602902469102554,0.013358271166366254,0.02442838862903496
100,10,0.5,0.022864835446803396,7.992373122912446e-4,0.011110245686392762,0.029996536366056512,-6.464068582088929e-4,0.024520835084868846
100,10,1,0.017880203695578564,0.3236538042961941,0.4725415844737251,0.33865246190269,0.010172151509377728,0.024513349737059015
100,100,0.01,0.014443404663713827,0.17202882967890146,0.25515434818877536,0.5258984431118936,-0.00599059826722837,0.024459264894831786
100,100,0.02,0.018975126469272286,0.02950994824836117,0.03935212978019266,0.549129726502507,-0.0032596344801635122,0.024502212240144903
100,100,0.05,0.019801262272527122,0.04387943274290111,0.5022337142561131,0.2574902375621818,0.004147853208518686,0.024471452570132023
100,100,0.1,0.026590666337159802,0.5300313231984265,0.5396319004819248,0.21832863992022145,-0.019358869329228732,0.02452369914228594
100,100,0.2,0.027567837818376788,0.06408816691548166,0.27602000245276814,0.35160363503000813,-0.006978974798645662,0.024456443986544528
100,100,0.5,0.01459210384599009,0.6001101217201268,0.6137509577447249,0.22864230396755186,0.011304032243120687,0.024468245225732165
100,100,1,0.010275272376737893,0.0648797839941602,0.17596640444508518,0.15739336253391226,0.0026172670678017134,0.024599269965963975
100,1000,0.01,0.033094484340645325,0.004429886642764333,0.17282796226609481,0.18306074133640593,-0.002202682620234205,0.024529260672092452
100,1000,0.02,0.025954591571717058,0.09443630436796656,0.24959673923589099,0.006999980262274992,0.007975973285896703,0.02472939707574021
100,1000,0.05,0.032358488964204686,0.12486793072095365,0.4854806160544577,0.15044862699571476,-0.011434408160767268,0.024349514928917796
100,1000,0.1,0.04689758957251268,1.5606448754254236e-4,0.1833832964622387,1.1157115313668983e-4,5.858717628170556e-4,0.024617603473830105
100,1000,0.2,0.019561634701714174,0.03160949783413492,0.5485291265749269,0.03185785197970315,0.0034778747918212697,0.024454652787060306
100,1000,0.5,0.017014214360143217,0.1429478821637748,0.502544501223049,0.25624529855230294,0.006432810572273074,0.024638863759270126
100,1000,1,0.030418836906539282,0.16640737394852528,0.47392709820301904,1.5572516436805628e-4,-0.01240877437314381,0.024535362138094628
100,10000,0.01,0.012444774920508241,0.3256185753922278,0.332442221090695,0.016392156245742265,-0.007101361678359897,0.02434428381121184
100,10000,0.02,0.023267760822626354,0.12848703364704,0.42857548088043906,0.004106998803443614,-0.008340349351401504,0.024526860741126186
100,10000,0.05,0.017029455344368002,0.04520687728074167,0.35386523004322445,0.540266021693123,-0.0036207872924405955,0.024516168141842775
100,10000,0.1,0.01907586877504664,0.1769891053146067,0.2146317852298056,0.18215629317729423,-0.008025231943805325,0.02439201000632891
100,10000,0.2,0.017504594170338332,0.2458698980966512,0.286711070926099,0.2460158503105483,-0.008679700246453242,0.02460066910344964
100,10000,0.5,0.013908073681350051,0.3150909360842163,0.7810590151573276,0.07965961347803455,-0.007807013637611941,0.02445058380124818
100,10000,1,0.015054580887472035,0.019665325226943475,0.9236016912536492,0.052379929871467223,0.0021111507022490215,0.024555206615800275
100,100000,0.01,0.020363102553824577,0.13843533685723136,0.7085049262975247,0.11555992440151062,-0.0075764790972735535,0.0245214224207558
100,100000,0.02,0.039910989717747286,0.12082004385102552,0.5237664269650888,0.06887615207684984,-0.013872731861531583,0.024511919657071547
100,100000,0.05,0.021881850226177033,0.014109873792582073,0.7666900237065793,0.0011134305383816432,-0.002599235355073811,0.02441057500657886
100,100000,0.1,0.027059440882788985,0.001125348998966536,0.0021730975541495315,0.04772172563321248,-9.077420064090623e-4,0.02438440539390459
100,100000,0.2,0.0270442513046385,0.1619232032207423,0.19304042412362413,0.003355756877184978,-0.010882520807424741,0.02457896384916422
100,100000,0.5,0.021181908602194727,0.38999867877185657,0.3987768549098378,0.22783770832381559,-0.013228075275437743,0.02443134251494407
100,100000,1,0.03591084152011471,0.031765636176977766,0.03477333322378399,0.013749524407203645,0.006400359391299684,0.024458920021334946
200,0.05,0.01,0.017013868743601102,0.10878687219553282,0.13098477599464847,0.005981279394406898,0.0056116596524449745,0.02511841431716114
200,0.05,0.02,0.030138755379173342,0.09702824854803607,0.17166177737458327,0.02220104849584133,0.009388028721117709,0.02519051882910757
200,0.05,0.05,0.025704276151045688,0.0720567326414611,0.5767250941871475,0.025200532466790333,0.0068998978477397095,0.02488832856563056
200,0.05,0.1,0.02940287156862757,0.0702983496462974,0.079740230005989,1.6094031581723135e-4,-0.007795829130517779,0.024729890054135
200,0.05,0.2,0.021677125214534243,0.07496796471907503,0.09431923786375829,0.007058923415258284,0.005935257240493041,0.024530008483586344
200,0.05,0.5,0.023939288315322275,0.3874864881273813,0.5456945158887226,3.1221612387711563e-4,-0.014901826983358018,0.024455342293780116
200,0.05,1,0.03799556183375269,0.056075964863390906,0.08774151915250682,0.006744589535548849,0.008997487421982732,0.02436118815456979
200,0.1,0.01,0.02961729157731638,0.02691342727407131,0.10976158978236607,0.019351212816220768,0.004858809187810866,0.024932264488762287
200,0.1,0.02,0.01155820093580575,0.0020701877515235103,0.40550264951390363,0.17990459240609546,5.258902361417149e-4,0.02481507439323608
200,0.1,0.05,0.01762510803456216,0.3003319828148568,0.7573730806849568,0.13623997392460963,0.009659009192580757,0.02479772656118902
200,0.1,0.1,0.01720401674662139,0.22156128345737822,0.7657827068812655,0.18792503702152152,0.008097981732704831,0.024700613474536667
200,0.1,0.2,0.025227581995630185,0.007062289520245016,0.02282226849254772,0.08876380848238923,0.0021200611379012997,0.02447152425778307
200,0.1,0.5,0.0238900137174306,0.22498581842415374,0.5528505310318426,0.0635109634833067,0.01133167137184189,0.024341588185548498
200,0.1,1,0.017396862702244626,0.12779499803767028,0.12973379798865192,0.1983279299329525,-0.006219104635419776,0.024594936653070543
200,0.2,0.01,0.03448937140937888,0.19888765823923624,0.30790384268259585,0.02004787172816275,-0.015381163769284447,0.024782745710967433
200,0.2,0.02,0.010256221101796933,0.05305226996788015,0.20965103635388502,0.09392594250884839,-0.002362323445246576,0.024592578434337084
200,0.2,0.05,0.03493212748519139,0.03225909143333611,0.21885824031384538,0.4667165392971617,0.006274095171163777,0.024758176199323474
200,0.2,0.1,0.02031338594811967,0.35126234460321853,0.3527032875546059,0.0699864503458256,0.012039213549753036,0.024541165333941573
200,0.2,0.2,0.03249057339386209,0.026779951664398227,0.07233179932954718,0.7687182699673176,0.005316946253398064,0.024481331093832874
200,0.2,0.5,0.025443270262652903,0.09640816002227,0.625676015107107,2.7097060882127673e-5,-0.007900049786672218,0.02441694117987418
200,0.2,1,0.02599478275692534,0.50211270230409,0.688920338185436,0.053748341453271155,0.018419879992440425,0.024388102271080694
200,0.5,0.01,0.028179311126218447,0.001533104723187309,0.7723072650419665,0.003208464694493995,0.0011033575799491335,0.024839190594857057
200,0.5,0.02,0.02679171019673554,0.034247812010326305,0.8081424294238396,0.005197064373365097,0.004958117929537298,0.024578582717297324
200,0.5,0.05,0.023589929099413993,0.4260875763745845,0.4555935654014951,0.08819244290657345,0.015398416818338779,0.024682869162533164
200,0.5,0.1,0.02668757501815208,0.0515318668606111,0.34535415703557737,0.20789799969279157,-0.006058248050031284,0.024620293383143175
200,0.5,0.2,0.03313218796318073,0.014731310024412836,0.02296615319155103,8.604640628496162e-5,-0.004021340068892759,0.024507337738729002
200,0.5,0.5,0.02076810567702535,0.007315863204821023,0.020758180912097746,0.051542870126127176,0.0017763546334045605,0.024459145756977305
200,0.5,1,0.018242537764986355,0.05320831276131596,0.06206667805080495,0.0030901607738171907,-0.004207992894463903,0.02462862194789558
200,1,0.01,0.020815853163681168,0.22436913785504414,0.23452767004106878,0.0033964449585274273,0.009859974125445288,0.024630041062933785
200,1,0.02,0.03875849896803619,0.4591478067839036,0.6869273023738878,0.0011390079998243581,0.02626293183720536,0.024558989905934664
200,1,0.05,0.032355670022367354,1.4712040243094012e-7,0.0504825391490812,8.877046181138734e-5,-1.2410430583515193e-5,0.024611778625823116
200,1,0.1,0.019968948653481408,0.2472305711656721,0.5524501918604746,0.049074606872472885,-0.009929017733751107,0.02449908095690021
200,1,0.2,0.0209596183122522,0.2644180874629493,0.7284642859182238,0.01263512769566733,0.010777770943457485,0.02442064069343322
200,1,0.5,0.023108566086033868,0.004885370585810995,0.019903275699877383,0.2746812697371699,0.0016151830725003695,0.024575362358931405
200,1,1,0.03153920527774306,0.08894334230061585,0.24846035099376648,0.05054471642595684,-0.009406054016435425,0.02464422980910059
200,10,0.01,0.030292479320084525,0.08925415290236534,0.24337992928457722,0.25923816944543204,-0.009050009525981064,0.024534802448406282
200,10,0.02,0.011924267930188966,0.3084705034018103,0.3898183790686871,0.1792764317707511,-0.006622752829624001,0.024594966637190605
200,10,0.05,0.014489987576136999,0.2523637063284506,0.2612463750560554,0.10947237768908302,0.007279163286752565,0.024565936920683096
200,10,0.1,0.023802214571692074,0.014865548176256222,0.26657496484118137,0.07754332262779806,-0.002902069643030605,0.024448423321643153
200,10,0.2,0.013580692225236937,0.3044720201020812,0.5561171179385325,0.002004003223562304,0.007493687898678631,0.02452275241339878
200,10,0.5,0.013124866272893795,0.1967592780620394,0.42662019997159706,0.21316485825737871,0.005821869916284775,0.024564347413763916
200,10,1,0.02338745715679681,0.03556102695133691,0.6061360690897174,0.24724359735267587,-0.0044103205109392385,0.024445016100150155
500,0.05,0.01,0.024523990637274583,0.6404936764797634,0.8118861085681953,0.027772894390882923,0.019626757874532726,0.024948072658478967
500,0.05,0.02,0.024910344487899964,0.0257079400967695,0.37197957967323686,0.025412683904042697,-0.003994048857617107,0.024841515853567735
500,0.05,0.05,0.027529734044652535,0.09803280104008887,0.23872184503343094,0.08055253965448171,0.008619612091113846,0.02477044585088393
500,0.05,0.1,0.024917145820369326,0.019465690630753835,0.022821163062175555,0.28945801605153615,0.003476427704005938,0.024621906142762766
500,0.05,0.2,0.021269425585251422,0.004372906818496286,0.35356741059787844,0.015788188095701823,0.0014065036800562545,0.024461025006441085
500,0.05,0.5,0.025218227933136498,0.029283509298285385,0.03511753501867856,0.1291155264202135,0.004315450367929685,0.024388810316870256
500,0.05,1,0.01321360939393007,0.305561418486658,0.4073080830781421,0.10950790989012565,-0.007304167488681221,0.0245225131747393
500,0.1,0.01,0.042020895837589355,0.8928759833578913,0.8932365788707594,0.019229287498467435,0.03970643329983368,0.024801505145179377
500,0.1,0.02,0.041451451048232106,0.21977504927761868,0.3217832490645393,0.5428162950617388,0.019432511397710614,0.02485746677964971
500,0.1,0.05,0.04031829977873977,0.3660379377572439,0.3812944070402947,0.03993021735966934,-0.02439300246015876,0.024620001244571216
500,0.1,0.1,0.028002575144988478,0.08161101209583257,0.2550932674724516,0.08059508972047465,0.007999675180586939,0.02452455229039829
500,0.1,0.2,0.02509482132487216,0.015542048090696186,0.31639559520245925,0.5302748815587379,0.0031285149314169707,0.024498005698026532
500,0.1,0.5,0.025509569445823978,0.26086532535859586,0.3726014625925919,0.0053799438418133914,-0.01302900667240223,0.02457997026437278
500,0.1,1,0.017693420489023413,5.763362288641259e-4,0.16880466988496814,0.7241111013567948,-4.247660119608899e-4,0.02447371433847399
500,0.2,0.01,0.006617691198722621,0.28133676485103704,0.2815967825793212,0.4571954234016489,-0.003510102044982558,0.024606603236241937
500,0.2,0.02,0.01981623893717302,0.0018325971688371607,0.7407887040817392,0.02614695121545277,8.483102915630884e-4,0.02465632815640549
500,0.2,0.05,0.02136600083089464,0.2639524478129929,0.26720751874647614,0.2055286828699551,0.010977061259702011,0.02467309262075501
500,0.2,0.1,0.011413425985412251,0.15882257617790915,0.5103471868499307,0.019111806326776625,-0.004548541326584613,0.024561635643053487
500,0.2,0.2,0.027878170300618673,0.350724313865672,0.3842320050413291,0.0014394716199848901,0.016510004965936048,0.024362830243192305
500,0.2,0.5,0.026236855763644693,0.11130087584736224,0.3328873271634897,0.10643492438110416,0.008753083646901232,0.024521975918322843
500,0.2,1,0.022960894555508062,0.02384451016007984,0.17031825203721893,0.04241730924716427,-0.0035455450400198596,0.024492664746509876
500,0.5,0.01,0.02157548624783,0.05008316101294938,0.14650670906326502,0.003525789944223041,-0.0048284357639579965,0.02442613989838339
500,0.5,0.02,0.018833662496141074,0.10923884111685471,0.49123872687987913,0.432332348722905,-0.006224770234118252,0.0246225937977745
500,0.5,0.05,0.01980761031974581,0.1473399173849193,0.18603806151924804,0.046147498879281795,0.007603127868109059,0.024501236915155693
500,0.5,0.1,0.023475202643320047,0.0066445203799168386,0.2156699764140594,0.23913298062354424,-0.0019135559668109696,0.02439998290176456
500,0.5,0.2,0.013576456846377887,0.5518631272527171,0.6944987068232418,0.08857841997581192,-0.010085609115337395,0.024480924109325605
500,0.5,0.5,0.020739738602044134,0.11897674650236213,0.5813471886696654,4.783858991125932e-6,-0.007153759286723578,0.0244712075021534
500,0.5,1,0.03235929683538489,0.22053638566172698,0.37287146090030926,0.028110881331186402,-0.015196347012310143,0.024370383661096316
500,1,0.01,0.022016140380372327,0.03540545132533448,0.1226510587150474,0.06964542225663292,-0.004142631023018451,0.02455099850687778
500,1,0.02,0.030060409906218572,0.006542686022981103,0.10138943001513498,0.02405973670637604,-0.00243149252111177,0.024585923741119276
500,1,0.05,0.018484617454122287,0.049409533897184235,0.5565480107093059,0.036811997283415374,0.004108807980925442,0.02448524940844409
500,1,0.1,0.014760578432494816,0.21086969740830386,0.21484712960587127,0.44661940489293966,0.00677813889867585,0.024545354481900334
500,1,0.2,0.01695085195258101,0.4010285794812277,0.4711889311309114,0.23353173590289578,0.010734435054118207,0.024509881692400502
500,1,0.5,0.015216457941446968,0.0696607454797848,0.4845931812171107,0.025211634115641084,0.004016128766277561,0.024459184406504998
500,1,1,0.020749926000373755,0.0887257265664425,0.11473734240907803,0.018147289208828625,0.006180752233338567,0.02442629894083846
500,10,0.01,0.02386666936611842,0.001993278337662449,0.32950243115370387,9.332986707159497e-6,0.0010655548010465865,0.024400947735370954
500,10,0.02,0.02746052738443857,0.28227036258271065,0.28446726981057685,0.4112174268105389,-0.014589537151061397,0.02451839374369726
500,10,0.05,0.02489805935786721,0.3177200840108855,0.6048680880015338,0.205550804319253,0.014034205526187622,0.024395909148456005
500,10,0.1,0.03441569466565081,0.3148118605353781,0.36178130913295264,0.175741651407883,-0.0193099915191775,0.024423317775778598
500,10,0.2,0.032370484325178674,0.2689792469805615,0.33449315383786254,0.46197339125326325,-0.016788372008623462,0.02449929423841685
500,10,0.5,0.019661482470818163,0.008096157596522123,0.050535506680931035,0.6257090968774266,0.0017691136650952136,0.024502770116484617
500,10,1,0.01851213113861225,0.07452720237601883,0.12085341988773414,0.3306761613858034,0.005053750852028794,0.024583005476268217
1000,0.05,0.01,0.042954024726276116,0.2834763965569454,0.30326179377753787,0.011001835459585026,0.022869797257551942,0.024871599909662933
1000,0.05,0.02,0.019077127468798482,0.01580656510258403,0.17898314532533374,0.10920743469369328,-0.0023984558789473323,0.024774157381118638
1000,0.05,0.05,0.020296905957141738,0.26780164299985343,0.28539475640574336,0.20971944900402018,0.010503558486684742,0.024564866688197007
1000,0.05,0.1,0.028136705515416905,0.16615660126221382,0.440520919243457,0.38013467822695646,0.011469171457604413,0.024503513825633354
1000,0.05,0.2,0.020724706689876058,0.005315199020145546,0.028453956804662218,0.0683649998939878,-0.0015109432686123256,0.024562191801738773
1000,0.05,0.5,0.024342039798944025,0.09971946308688467,0.21298205358610087,0.02140095933300526,0.007686823937435864,0.02440156824945081
1000,0.05,1,0.03187389169796168,0.06932253937907512,0.2289681169296708,0.009362894827768965,-0.008392132346823348,0.024518802803525277
1000,0.1,0.01,0.026381286153093583,0.021637990891767846,0.04247516662042767,0.2614026054699091,0.003880649610972751,0.024681440574164597
1000,0.1,0.02,0.022431327169316628,0.007557954030673928,0.012013024719262631,0.044275451351693085,0.001950100945242126,0.024632757967308835
1000,0.1,0.05,0.022247680424801276,0.03709910930175748,0.1896048999584311,0.04408489052421298,0.004285154441507909,0.024641546001526918
1000,0.1,0.1,0.026608511257322175,0.3108538501227719,0.4949583160264508,0.11641294320667885,-0.014835380918255276,0.024554574502129483
1000,0.1,0.2,0.02542273140806817,0.027737295604092486,0.5194107676802238,0.039386940488555774,0.004234033273339775,0.02451862454502686
1000,0.1,0.5,0.024637009421323616,0.5143706483126318,0.5631943212622647,0.3787413406342586,0.017669573985212732,0.02428205018263782
1000,0.1,1,0.030592126492416633,0.002228105185068419,0.12881579866661658,0.7612247101417688,0.0014440343061810118,0.024580994995905568
1000,0.2,0.01,0.04396486608790464,0.018396009451539172,0.4625592087027135,0.11421734016247495,-0.0059630378594733744,0.024658619452091555
1000,0.2,0.02,0.015972213454228504,0.13054163397954707,0.1352865685151185,0.16890431513843915,0.005770847897330745,0.024507164721891763
1000,0.2,0.05,0.017581792696355656,0.07407569451765551,0.4031196374543931,0.220353044294956,0.004785210214127531,0.024561919899413413
1000,0.2,0.1,0.01362543712810102,0.05492717385927878,0.06170135484432701,0.0572321682563887,-0.003193331986103388,0.02466488904450865
1000,0.2,0.2,0.05371499158913781,0.020566192352719274,0.46695913778400816,0.2614608288859536,0.00770322279346184,0.024366469267716972
1000,0.2,0.5,0.014634636377180448,0.011927196172436332,0.30324221722022804,0.006434383553550758,-0.0015982735682562503,0.024380868711168933
1000,0.2,1,0.034328960687804375,0.27930714936709733,0.362208190139696,0.034241196804999,-0.018142690065769705,0.0247466127639341
1000,0.5,0.01,0.025485091168950542,0.722690488111689,0.7346001454644854,0.013255652313107488,-0.021665182956522217,0.024632794449189005
1000,0.5,0.02,0.027310620068474144,0.3356941980967396,0.3371028079600564,0.18147274225532195,0.01582353376993542,0.024704825248028695
1000,0.5,0.05,0.023184593089361133,0.3115964658463161,0.3796325880566922,5.624406851578389e-4,0.012941831456810868,0.024540591855673224
1000,0.5,0.1,0.019608206984842065,0.554581393628799,0.5553778939646564,0.23546418794075755,0.014602275234388052,0.02451042093416514
1000,0.5,0.2,0.017649746345131865,0.012517894413441708,0.012623978117487259,0.014668933913494487,0.001974713568540856,0.02445444006689984
1000,0.5,0.5,0.022170479673509963,0.13276367102411996,0.2438244028002512,4.322797449358844e-4,-0.008078202129767181,0.02447890885703177
1000,0.5,1,0.021139390784568977,0.3777733093349298,0.4112009463517856,0.047900306643089335,-0.0129929600333463,0.024479332895434424
1000,1,0.01,0.02920528300102733,0.41422106809598264,0.4293909599335489,0.31812039392279684,-0.018796522592050963,0.024492795386623415
1000,1,0.02,0.020560943517969096,0.031195646457433633,0.054978853148046104,0.46906408934902255,0.0036315333342723365,0.02457816013059209
1000,1,0.05,0.01908728452707028,0.041396107691108665,0.28851952572208805,0.23684394629199987,0.003883505293460678,0.024499261780347018
1000,1,0.1,0.018272619211188727,0.01747669188475869,0.3385183377633696,0.22489537925419642,-0.002415630023489429,0.024590370739517614
1000,1,0.2,0.031053902741976194,0.18690873209609413,0.30023638711344663,0.0040725676990182305,-0.01342551592992194,0.024700072370152096
1000,1,0.5,0.0316171360975269,0.007716046926622568,0.9145398563141045,2.729229766566133e-4,0.00277728186797401,0.024400319644922733
1000,1,1,0.032419782091824445,0.06693502536108278,0.09889451538003365,0.19530946656293774,-0.008387582551427752,0.024468627576267887
1000,10,0.01,0.022258499275059223,0.24593752113775832,0.3669193081873422,0.07502750615537272,-0.011038454591004838,0.024528212842521088
1000,10,0.02,0.02489210306198376,0.08698022315874163,0.1347711865419373,0.2557035273142002,-0.0073412810250541366,0.02452769422143689
1000,10,0.05,0.021485737875696163,0.019702765783503034,0.6810608291998755,0.01658852018289531,0.0030158787027091535,0.024443700548780978
1000,10,0.1,0.020621510998364137,0.044177716835445316,0.05389387318036277,0.41882419971176854,-0.004334331436135695,0.0245768694320439
1000,10,0.2,0.02519647788899809,0.16898297802140178,0.6018261338274696,0.05341558429247868,0.01035765202871607,0.02449946018632075
1000,10,0.5,0.02621631039965018,0.09971739488068586,0.105789599894356,0.001008069674746066,-0.008278602540955183,0.024660739000014923
1000,10,1,0.03124094894338155,0.39547348593898374,0.4586780230861378,0.19228638669870476,0.01964639643046783,0.02449658959374786
1000,100,0.01,0.020339385728829446,0.1580214165075759,0.28190612183067204,0.0783663817168374,0.00808529383984576,0.024413982741159735
1000,100,0.02,0.019858866303781687,0.2407202800957464,0.5735048917943405,0.15910678462009176,-0.00974340582973025,0.024459570868002184
1000,100,0.05,0.027784829149050123,0.7567219362271589,0.8453370210998944,0.025427016182975173,-0.024169957817996364,0.024580468589085563
1000,100,0.1,0.03244601250447367,0.044070475839962334,0.06902983602324732,0.11672975255482557,-0.00681138143153331,0.024486518799001017
1000,100,0.2,0.019112430814528732,0.431108562055405,0.46865524562007493,0.11046008131532059,-0.012549003789487667,0.024479374482659914
1000,100,0.5,0.01867699242592203,0.14957948497042986,0.465707202879309,0.07697963190574442,-0.007223421532386914,0.024452936739965354
1000,100,1,0.018093648635846164,0.04700420636706954,0.5095564350040027,0.07509502445024611,0.003922785077717174,0.02449486560739003
1000,1000,0.01,0.03261594790740048,0.0729409656579077,0.11094053141566057,0.13393718338138738,0.008808779909274459,0.02453873669568302
1000,1000,0.02,0.014848618782580994,0.10252375724994668,0.287340235998953,0.005523878347256399,-0.004754428431267085,0.02455046737092922
1000,1000,0.05,0.016632660260019014,0.3010264532466992,0.7433995204497873,2.3359824833588008e-4,-0.009125655031479605,0.024390018560111998
1000,1000,0.1,0.02143140130736133,0.09873184157405365,0.2833603114435297,0.0026145128817593954,0.006734094203534817,0.0244038704563967
1000,1000,0.2,0.02637733106077314,0.06896860812085098,0.8521806582606084,0.009096202801400149,-0.006927181725040035,0.024569819463934408
1000,1000,0.5,0.018016724169283977,0.018196926286498417,0.021404581626390917,0.045335335941600635,-0.002430383721059355,0.024536060026326596
1000,1000,1,0.030093116548516256,2.243588585635565e-4,0.29086573567487306,0.5169776595396617,4.5075315795453056e-4,0.024437035393053797
1000,10000,0.01,0.025033961054018852,0.002730477287856755,0.00351067145653103,0.05457061792273899,0.0013081238276434956,0.024508936985559813
1000,10000,0.02,0.022687849800666498,0.3207218038303958,0.3234250278361982,0.5600447522195362,-0.012848652434649032,0.024555370352367604
1000,10000,0.05,0.020500993904885113,5.5078919030663607e-5,0.3142200770581879,0.44205925140083424,1.5214848092741598e-4,0.024456109585685497
1000,10000,0.1,0.021394183520202184,4.460871376439626e-5,0.18663538927897008,0.013688192386909478,-1.4289122762966365e-4,0.024435139014915598
1000,10000,0.2,0.02520450821469619,0.21550805963289502,0.35823509311598684,0.3837320919186204,0.01170064994015201,0.0245018323774424
1000,10000,0.5,0.024687166197665665,0.09306109139077262,0.7274697231492653,0.00235729397852274,-0.00753104619480961,0.02426099898522456
1000,10000,1,0.010292221016961907,0.008999284285643653,0.255960287957628,0.11207248346475837,-9.763669933327691e-4,0.024516571092357848
1000,100000,0.01,0.024131924684713917,0.07452429192844949,0.07460902934805677,0.01012405590118854,-0.0065878073498748585,0.024523317520508677
1000,100000,0.02,0.012600854290322995,0.02024190793406792,0.18915811844199215,0.2669039426112247,0.00179277468983983,0.024616075413817443
1000,100000,0.05,0.037961894324776396,0.3688180278632379,0.37380030162222094,0.0448708036796594,0.02305440650320448,0.02443052677267146
1000,100000,0.1,0.03151350930853645,0.33698315238780124,0.4414385725218991,0.0803263530336722,-0.018293670934163588,0.024431095656997515
1000,100000,0.2,0.02132588879731741,0.004231046013768831,0.015596180026592481,0.003696075242967906,0.0013871742373864422,0.0244158854410829
1000,100000,0.5,0.012197575372553032,0.2927419357676178,0.39110215757705497,0.2736492905010087,0.006599575180373336,0.024531698745178694
1000,100000,1,0.034374986637774385,0.010615907014687792,0.4492091528104905,0.004643286486162798,-0.003541776001873145,0.02429821499207464
1000,1000000,0.01,0.0163919586379593,7.34486647851026e-4,0.17200645968049433,0.7373926171030146,-4.442452594507572e-4,0.024371331003000173
1000,1000000,0.02,0.018455077551944466,3.6638426401483065e-4,0.23507655960136534,0.08893880147889488,3.53251716547328e-4,0.024468314143320437
1000,1000000,0.05,0.024848066574331827,0.15303159027872143,0.978956749015459,0.01328440089776061,0.009720377862113775,0.024385978098784716
1000,1000000,0.1,0.018215371640431292,0.30913561198382494,0.3593364796685518,3.386845974499169e-4,0.010127740276089647,0.02430006822406185
1000,1000000,0.2,0.021611845985748845,0.03374839601695346,0.33848967960860776,0.23451060120234013,-0.00397025528245763,0.02442369898622395
1000,1000000,0.5,0.024713455199973845,0.009897407421206377,0.9819829141451806,0.006338975385867068,-0.0024586357522618832,0.024522715677850814
1000,1000000,1,0.033789736771823536,0.3657961383445532,0.41212736614020157,0.41350469832087317,0.020436398693822164,0.024466091690264483
2000,0.05,0.01,0.02471427709545215,0.011505720257984143,0.19059530297429073,0.5919293645697767,0.002650970024316739,0.0247982330368352
2000,0.05,0.02,0.03361548744292468,1.048325488630052e-4,0.4516649987524976,0.2734973724497228,-3.4418147049351756e-4,0.02462886455376664
2000,0.05,0.05,0.01850415487392387,0.8222777091768183,0.9591089189539606,0.013515185586204648,0.016779480599487365,0.024558657479267696
2000,0.05,0.1,0.006489035803676439,0.07218924596752174,0.6682676455327183,0.04850726444106335,0.0017434778055395246,0.024375333564321935
2000,0.05,0.2,0.03879270141513854,0.22129553200374516,0.2900293371648204,0.21566731564854916,-0.01824888550834076,0.024565660464686178
2000,0.05,0.5,0.020431935218312883,0.19428786251570448,0.41936071067714864,0.1557991101159414,-0.009006008201364383,0.02451836673019993
2000,0.05,1,0.02504897564575437,0.038844191600486425,0.06583867420275119,0.46947994561979345,-0.004936885039262414,0.024425073800847803
2000,0.1,0.01,0.02283792888652331,0.30210693539793493,0.5941089110927147,0.11921398338367048,-0.012552697524492912,0.024523766967421687
2000,0.1,0.02,0.018096124406875407,0.004579662504941255,0.01919943602754601,0.9264444829398342,0.0012246227139584799,0.02471295914769967
2000,0.1,0.05,0.0348960734733578,0.07032728589122572,0.1246385174212951,0.015119230931267205,0.009254191691537525,0.02443321489495331
2000,0.1,0.1,0.018083705557733313,0.20345768416021537,0.20380102990040938,0.001847862506163838,-0.008156887557154907,0.024701353706803986
2000,0.1,0.2,0.016120588464807406,0.046013054624743484,0.32040460231981216,0.1626618022459786,-0.0034579716138417814,0.024477292789042284
2000,0.1,0.5,0.008844426864129796,0.17378343311646693,0.507386331123948,0.2855618732471115,0.0036870063136955236,0.024577037547860756
2000,0.1,1,0.018093443664895043,0.026640760122912943,0.6657918837379089,0.06906399891687243,-0.002953211416213736,0.024479321073825746
2000,0.2,0.01,0.029112178953325123,0.48723153678234643,0.5604165813019331,0.2925858191761458,0.020320875153266485,0.024522433658676887
2000,0.2,0.02,0.02368014823830181,0.6654613576280627,0.7237909082942562,0.07707413030213993,0.019317273894460512,0.024546059668762926
2000,0.2,0.05,0.02820254196996563,4.7813238750420573e-4,0.5885463617859593,0.019106472074096617,-6.166835099020088e-4,0.024744511004943303
2000,0.2,0.1,0.01604010298095905,0.45339799238387885,0.4763355190967342,0.24385365487746735,0.01080057678001282,0.024558145117239222
2000,0.2,0.2,0.0253182430172798,0.862860270922995,0.8635613592627922,0.056091576977907946,-0.023518184909302606,0.02459846025235141
2000,0.2,0.5,0.018011802270984083,0.003341027203525342,0.2030005581160267,3.4183750166000866e-5,0.001041111339304823,0.024502182310899356
2000,0.2,1,0.013472017339468612,0.34570502655415164,0.5154829035958662,0.18624312829856293,-0.00792109971113861,0.024577241393378916
2000,0.5,0.01,0.02367806860643978,0.5626599332016171,0.671110651957797,0.008180607320672864,0.0177610758816163,0.02462187635219675
2000,0.5,0.02,0.03035738836341288,0.10483099525525563,0.11002921425044249,0.017222549390854106,0.009828998325849396,0.024653642491877844
2000,0.5,0.05,0.022785075806848396,0.26908295682577,0.29980997969566414,0.06950852932796943,0.01181934945887424,0.02465634303359955
2000,0.5,0.1,0.031316404493981924,0.3875772581010695,0.8644135353581843,0.011559727961690072,-0.019496247834896636,0.02456861674644593
2000,0.5,0.2,0.04585415647751388,1.5575162795152003e-4,0.12266566372905208,0.31567522013898874,5.722621287115754e-4,0.024511809601500793
2000,0.5,0.5,0.019305571030837992,0.1487364296727351,0.41346859367435546,0.02037529824265964,0.007445456457005488,0.024480710988957422
2000,0.5,1,0.029632268717947108,0.10890124352380198,0.16887233029916301,0.025718849333909943,-0.009778704507719917,0.024501422083148677
2000,1,0.01,0.025537199615953944,0.0019453142061772609,0.024368487465830764,0.22103447630266918,0.0011263364801537543,0.024506704922113366
2000,1,0.02,0.03028122865613894,0.28242799872535795,0.5174431842041987,0.05540169185188105,0.016092642627933668,0.024462560039560315
2000,1,0.05,0.02257568638274109,0.29681164404763405,0.3793362270741955,0.24140373552799507,-0.012299329333325794,0.024442901967676994
2000,1,0.1,0.019104094324367847,0.10131024896979579,0.6159549562430896,0.014870403749063956,0.006080693946515448,0.024550818999846305
2000,1,0.2,0.021410958647281948,0.008262241754701237,0.008554846142806487,0.14009374316646622,0.00194618921647368,0.024500232110803464
2000,1,0.5,0.024363620271082603,0.004160765401501831,0.007263603809736975,0.12374162670673101,0.0015715508459157403,0.0243964191746134
2000,1,1,0.028049243245926694,0.11149237324653094,0.40035928848756025,0.06981163438899388,-0.009365775183010563,0.024445716047044454
2000,10,0.01,0.022053987249028788,0.07919554464917748,0.17438798091089724,0.1907035628154352,-0.00620636758638771,0.024522499805595066
2000,10,0.02,0.03418900068857835,0.032383433552140024,0.0648412643465051,0.15735511580097394,-0.006152446616399436,0.024407320018537435
2000,10,0.05,0.020929141234441465,0.016859105585020673,0.23027414532070423,0.21834056983135255,0.0027174945013265484,0.02438446030861598
2000,10,0.1,0.015922451679935126,0.22927556222647794,0.40244127554122816,0.10527980067121956,0.0076241041981468805,0.024495842473348895
2000,10,0.2,0.018452596360142313,0.07837632501374434,0.3453014122384989,0.38051946433794936,-0.0051659468059274075,0.02435625103899778
2000,10,0.5,0.02311692055635989,0.2602441338744418,0.39331259411135727,5.95699134212586e-4,0.011792895630662268,0.02454023409859811
2000,10,1,0.027766276449472417,0.6099479686386036,0.6248691887116958,0.006336300161438555,0.02168523025894856,0.02448565995506263
5000,0.05,0.01,0.02252182240634437,0.18685873998968916,0.2357782598865649,0.37394991187420556,0.009735544306100933,0.02460167110028725
5000,0.05,0.02,0.014815971575431866,0.43139810238201337,0.4658905286939465,1.2472438678437747e-4,0.00973126392452145,0.024515286628296523
5000,0.05,0.05,0.02335470499897083,0.0657120414042255,0.08189621500905932,1.6597447571577937e-4,-0.005986829162900426,0.024466960518348745
5000,0.05,0.1,0.023964578318043914,8.664691468147429e-5,0.1981051953754365,0.041951046284896966,-2.23072658473019e-4,0.0245549199953027
5000,0.05,0.2,0.027644190680954153,0.19600877173151432,0.2569395246259446,0.006259530008423446,-0.012238878785894063,0.024442651956322677
5000,0.05,0.5,0.029790168919743752,0.26105304746281166,0.7551996074745313,0.18418991917840652,0.015220795447854497,0.02451769117007399
5000,0.05,1,0.02464580094081911,0.09028791270654925,0.2720685144181026,0.0010332424700633311,-0.007405557237849423,0.02441070781605052
5000,0.1,0.01,0.014629388466584067,0.057623119029073355,0.34058079320674584,0.35356483244240305,0.003511757780576752,0.024492357829736987
5000,0.1,0.02,0.024349015401239422,0.06740235047032088,0.06835611652047613,0.28624078453085305,-0.006321482284408958,0.02463811610638592
5000,0.1,0.05,0.024528154117954462,0.28388932827005525,0.32647514674384115,0.6256639533018479,0.013068910985552167,0.024465312389985658
5000,0.1,0.1,0.018271575976693693,0.14780993052163827,0.1959369461811641,0.47285975941297254,-0.00702470052993269,0.02453928060057229
5000,0.1,0.2,0.01142816354410627,0.24727527124128929,0.3274024145089204,0.34768991946817984,-0.005682857816291888,0.024513662188182562
5000,0.1,0.5,0.029894942228230772,0.003243394511213014,0.029021884046509558,0.6534197143475002,0.001702541109593869,0.024442833067884435
5000,0.1,1,0.018056873766220286,0.06152629995207458,0.10058776627101945,0.43805162454297825,-0.004478916449923248,0.024609575883414003
5000,0.2,0.01,0.021578755025665357,0.00032300092963360273,0.3916637021992464,0.06335627115337703,-3.8781827547048557e-4,0.024563548219323012
5000,0.2,0.02,0.023782652969285552,0.56886583322832,0.646659142762318,0.07331511311169477,-0.017937636706712008,0.024614026841683713
5000,0.2,0.05,0.014778995653342446,0.009581288940733401,0.13445946978687387,0.10915798864931697,-0.00144662807754157,0.02449274974543275
5000,0.2,0.1,0.024327829869034936,0.4395870885148173,0.7022127249461545,0.12063571674577951,-0.01612968306575239,0.024357939279943164
5000,0.2,0.2,0.04307878805220998,0.19060596709031893,0.1992074790438479,0.29292934410262467,-0.01880752825375225,0.02448855208620478
5000,0.2,0.5,0.024989537716296063,0.037156975845352165,0.7607564946573107,0.001804862420480625,0.004817019475711192,0.024553406936919254
5000,0.2,1,0.041882259962411135,0.270329359402394,0.279727735100899,3.059153518700464e-4,-0.02177593019860089,0.024535921440025577
5000,0.5,0.01,0.018343181706620335,8.832798087817313e-4,0.7367465015215402,0.014420863364228851,5.451597950705709e-4,0.02463087203906543
5000,0.5,0.02,0.02630723497490857,0.6055379280149549,0.6751814492085632,0.07476861016614848,-0.020471321511951596,0.02452865240715051
5000,0.5,0.05,0.02056154500791189,0.23721979390965178,0.3726748232815582,0.05339561488867252,0.010014544642001138,0.024339454493046187
5000,0.5,0.1,0.02190474320981745,0.004057879791059143,0.013137765831853358,0.1515509987589649,-0.001395364774143569,0.02448009090013816
5000,0.5,0.2,0.018286901501197102,0.00960680061357492,0.4488515796789338,0.01000078460997445,-0.0017923776267677,0.0245206238381355
5000,0.5,0.5,0.017674876705419562,3.37087456324064e-4,0.030814319422457815,0.4692098355552502,-3.245097044686899e-4,0.024329514065172645
5000,0.5,1,0.03485648134924513,0.3349356191625886,0.8980123396840438,0.08212132356263929,0.02017270846402352,0.02460061637343288
5000,1,0.01,0.011374847666482167,0.25025060943933125,0.2734366062392573,0.16914939794142056,-0.005690273763396761,0.02461276321635547
5000,1,0.02,0.020468233845682627,0.014785969693603067,0.16469587859285523,0.21678285181907272,-0.00248888755368614,0.02451706561399213
5000,1,0.05,0.038557131899876806,0.49069972516179355,0.6553851277153051,0.07754600692096088,0.027009256451708555,0.02454991697918447
5000,1,0.1,0.019205666136793684,0.0038116272948903553,0.0038372074206544024,0.18780426933254546,0.0011857266720896515,0.024490171950199195
5000,1,0.2,0.0206109116006743,0.2917756551113895,0.394811259981012,0.09097154789256452,-0.011133243992991756,0.024565648440132547
5000,1,0.5,0.02123688655326667,0.0475252901693335,0.050931250549952324,0.00449287063409292,0.00462970411034107,0.024438202075848563
5000,1,1,0.017084853841566144,0.027334987861867742,0.21965836755983223,0.016378459946548553,0.002824689467101589,0.02445619176051242
5000,10,0.01,0.02245631471545624,0.6843548615598609,0.6926096626881958,0.028612291206937385,-0.018577153281161427,0.024377170733591323
5000,10,0.02,0.025649850006491604,4.6479768108282445e-4,0.003000122961807517,0.01470948100562156,-5.529893994276041e-4,0.024576121273241564
5000,10,0.05,0.02905461879326925,0.027656447458160864,0.0322324268992829,0.31939389901885235,-0.004831849273412759,0.024566153463353047
5000,10,0.1,0.014645260251304094,0.3371655992566683,0.46620594772468277,0.0040080018183360966,0.008503911314849656,0.024471847895772246
5000,10,0.2,0.026228426666028,0.3003951797410216,0.3648371071992168,0.00825141497912477,-0.014375359673976594,0.024425926707927006
5000,10,0.5,0.022048910293382365,0.4485906836645622,0.6338263974004494,0.19615006272179536,-0.014767679401499376,0.024402890015192955
5000,10,1,0.0314307032509115,0.10607954738983909,0.10746504218328513,0.012799527923589214,0.010236934566835287,0.024443141052698368
10000,0.05,0.01,0.02194016989617729,0.28345826054407375,0.6310995374262313,0.027891779524670295,0.011681121604849996,0.02468250837938082
10000,0.05,0.02,0.022778984760579518,0.22441678767243248,0.5511508232768324,0.08968373398343127,0.010791008504680517,0.024489806083313047
10000,0.05,0.05,0.02224493202810604,0.1500775208715463,0.3027028071169945,0.17879377657612378,-0.008617651091558797,0.02445249188776954
10000,0.05,0.1,0.04262419479830887,0.025573202756070633,0.03533252014068976,0.5162808433883587,-0.006816300823950896,0.02447559663691436
10000,0.05,0.2,0.02526392363075431,0.1204298739503516,0.14974119310864942,0.004358475222097646,-0.008767341348623926,0.02454161500507547
10000,0.05,0.5,0.019738789694760565,0.3490330657724743,0.4813202345134952,0.03176460703103337,0.011661483601006984,0.024512905230589178
10000,0.05,1,0.018488048254032004,0.514747691416041,0.8473815769412879,0.13693168133141098,0.013264420152083472,0.024266402042057596
10000,0.1,0.01,0.024477242394965282,0.03546680904403975,0.3982690855972489,0.26751563804252043,-0.004609709389460314,0.024493647671414105
10000,0.1,0.02,0.02504589887823591,0.04741141157969005,0.2535235607237729,0.27325510338849063,-0.005453534509803205,0.024543253731154784
10000,0.1,0.05,0.027463779232027294,0.1508570476521516,0.18462206532604516,8.478668521613354e-8,-0.010667019804347417,0.024547042451746263
10000,0.1,0.1,0.013193151930763633,0.08484615992633426,0.5420696335095265,0.0032017959369659947,-0.003842949339992057,0.024535023251666854
10000,0.1,0.2,0.011590650381275136,0.3717305390243082,0.38762503672622095,0.010263619244489942,0.0070667857846210295,0.024411284117707363
10000,0.1,0.5,0.02245069544360058,0.005104159302052863,0.017116865502297934,0.37692107153806514,0.0016039539989063038,0.024472233650563092
10000,0.1,1,0.028344190982229116,0.039157643116992435,0.03953046417498668,7.923677744198553e-4,0.005608830781664129,0.02458389019030436
10000,0.2,0.01,0.03094185530827281,0.024306399565004213,0.024905278096630283,0.11665135684244908,-0.004823992982412889,0.024590809537710402
10000,0.2,0.02,0.023613432303930183,0.19272293567435536,0.1958134198119544,0.003849777399322678,-0.010366348840423735,0.024563379560281682
10000,0.2,0.05,0.03638937110627448,0.6405074851010163,0.6622466701281625,0.008195310022521232,-0.02912303651269388,0.02452206142593575
10000,0.2,0.1,0.029608030086271477,0.017651869846124855,0.15820747052110257,0.1348014614854355,0.00393373293298446,0.024595563260574563
10000,0.2,0.2,0.022563063162428485,0.11791733386650388,0.7363518221642977,0.05144718413640042,-0.0077479513435340635,0.0244794420781766
10000,0.2,0.5,0.03231131926144817,0.3832726702818991,0.42153897573001825,0.10831730702138535,0.020003620961503578,0.024461247550110504
10000,0.2,1,0.02104750327071182,4.8136507167402125e-4,0.08411122252572689,0.25886987597118877,-4.617829276627925e-4,0.024383698688483148
10000,0.5,0.01,0.016026817080475514,0.21309595673071374,0.8650224125499695,0.004903053589674709,0.00739835020377638,0.0244877954794098
10000,0.5,0.02,0.033554936865783896,0.0011252040533489623,0.2838651846845056,0.06067600814969077,-0.0011255688615696734,0.024533441491049517
10000,0.5,0.05,0.025109925425998384,0.5228418216141565,0.6621933378001701,0.3091455928683906,-0.018156435135192227,0.024359393212965305
10000,0.5,0.1,0.025966340684471772,0.2452037986435499,0.28412561265468866,0.4535019384447959,-0.012858027426520308,0.024597375567574246
10000,0.5,0.2,0.023248737792435942,0.18472526868880476,0.2870312021629538,0.0037392689107573853,0.009992232550037542,0.02436605197261965
10000,0.5,0.5,0.02018628066199492,0.5975218932905996,0.5975224639477787,0.13874482285023168,0.01560390215841218,0.02443298761906128
10000,0.5,1,0.01643649905045525,0.17172405767770316,0.30220931743481794,0.09940301275047933,-0.006811219715584135,0.0244757585856459
10000,1,0.01,0.032600031655899066,0.08513701546558922,0.21766000918596423,0.10940128963388408,-0.009512118075175612,0.024519794925501832
10000,1,0.02,0.01882517521026731,0.06932991188824614,0.24070373530626313,0.01938557943059928,-0.004956776659744877,0.02450006238662847
10000,1,0.05,0.04079454075909311,0.055291922739064095,0.40173541415018293,1.2586036700476882e-5,0.009592524005653608,0.024511529724189088
10000,1,0.1,0.026645985582016602,0.2563723717831289,0.3462357035625308,0.008219871728228238,-0.013491722475058613,0.024533068088501486
10000,1,0.2,0.016341168934979333,0.21385460018943078,0.6139419528627025,0.33965380377827276,0.007556878125146542,0.02447639634297553
10000,1,0.5,0.015214017377918153,0.013568462063733132,0.05180819225255688,0.045080908359623896,-0.0017721856693781836,0.02446342247774973
10000,1,1,0.030766168651529823,0.29190527926781645,0.3412008188172811,0.07139615869121459,0.016622425346369277,0.02456976744960005
10000,10,0.01,0.01880497056373168,0.01296862853987454,0.02368011620688748,0.7503691988244007,0.0021415079126592827,0.02451662145848079
10000,10,0.02,0.027778722489279012,0.17505231426138657,0.31690086245282023,0.2241266736077197,0.011622410151814491,0.02439681131122999
10000,10,0.05,0.018168583416171072,0.4999831632937566,0.5100139078613631,0.11894796366408089,0.012846912232977797,0.024480862701426902
10000,10,0.1,0.017718407605233605,0.1741073679514159,0.17991665916929173,0.25960857999008824,0.007393213763264217,0.024563599713147748
10000,10,0.2,0.024898269920481598,0.15257181087930713,0.17977375621345626,0.1280097205844511,-0.00972537421614058,0.024594406932529136
10000,10,0.5,0.02223016541735928,0.03843505145098825,0.5121184012751062,0.18678682893623008,-0.0043581926881590015,0.02457451579051054
10000,10,1,0.027329671818442286,0.011038048087234409,0.4889018650700719,0.14900837987270965,0.0028713131337714777,0.024331314911440416
10000,100,0.01,0.015324286218773775,0.28943470161366663,0.4314273575886679,0.2739938384103379,0.008244333557932684,0.024579005230514275
10000,100,0.02,0.03121972387229739,0.08750055943733212,0.42707771903831737,0.21034979005848714,0.009234948383743195,0.024594314400012085
10000,100,0.05,0.015548026008281335,0.05136167352258588,0.1896250219766237,0.013528415767096392,0.003523666855743811,0.024416437245396442
10000,100,0.1,0.020760195881159314,7.837507078685275e-5,0.04621139456291605,0.2884072131382612,1.8378938308261385e-4,0.024601565078975162
10000,100,0.2,0.018964527075843056,0.003370144627218303,0.45136468456731477,0.1886883130469591,0.0011009466806133157,0.02458844523744121
10000,100,0.5,0.01927518284796718,0.011686527551564074,0.4185119460547452,0.016713959459705885,-0.0020837290680253305,0.02453788463040279
10000,100,1,0.02383391848311391,0.03632761051984168,0.03654824537989985,0.2914678140495575,-0.004542698002595228,0.02445925835224737
10000,1000,0.01,0.019493893709235228,0.504301088885634,0.5685057347189415,0.13552348385852903,-0.0138434248254665,0.024378330890461715
10000,1000,0.02,0.017081640775402168,0.15705554556779264,0.1923238615247029,0.06488009259106758,-0.006769494229260145,0.024492042062220325
10000,1000,0.05,0.0206700783791392,0.045409000696399054,0.389626902153594,0.10879460789759417,0.004404667153357764,0.02456296045604462
10000,1000,0.1,0.022864660205112044,0.3316418457727601,0.6272473595532189,0.0702865243577461,0.013167381343283525,0.0245180651499029
10000,1000,0.2,0.018987330882368036,0.14123240629128805,0.1975891299317791,0.028534913284582103,-0.0071356098773032416,0.024519879255836482
10000,1000,0.5,0.015810764267486982,0.5107489767518234,0.7170177274603053,2.3388090404826383e-5,-0.011299432084686001,0.024576004475864235
10000,1000,1,0.025376338661099687,0.03704489101698565,0.1060138676680318,2.884457370487508e-4,0.004884196435137715,0.02454168366615796
10000,10000,0.01,0.023758822525429026,0.10485471647028548,0.2846305409323844,0.027490018890512453,-0.0076934103707138116,0.02466000466364572
10000,10000,0.02,0.02450337279380893,0.06377972749337547,0.21430449936297682,0.09599592714668134,0.006188240689490942,0.02434896442999386
10000,10000,0.05,0.027624800398298573,0.0067661678459912875,0.132789071439434,0.01913305115964753,-0.002272325448050043,0.024549708154800218
10000,10000,0.1,0.021399924455955805,0.002171513912825137,0.5067013020661831,0.26763591755268384,9.97225897380444e-4,0.024630335333433274
10000,10000,0.2,0.03758399822606415,1.7806162355584485e-4,0.5093551854028964,0.36768637877816623,5.015198690115043e-4,0.024535530579700017
10000,10000,0.5,0.018463298723946205,0.029053459137832697,0.04921182653318224,0.20869394452581824,0.0031470831670874343,0.024539571151365187
10000,10000,1,0.025686646102012198,0.006110562955595444,0.08199038284303442,0.19202954036628264,0.0020079274351258677,0.0244563654900103
10000,100000,0.01,0.019841310399062985,9.30641910439419e-4,0.018298791051546092,0.17705801385005784,-6.052874294312371e-4,0.024592614623267124
10000,100000,0.02,0.020406525607987742,0.37982604386234475,0.4082149000759469,0.048857942227607254,-0.012576547590631627,0.02449763505549959
10000,100000,0.05,0.028948363136076162,0.05442883802055309,0.6612178672460148,0.031963692161497484,-0.006753649894785309,0.02459995736648995
10000,100000,0.1,0.03232643624621469,0.031795395475634536,0.6466007894961261,0.019740109793938018,0.0057642119977615106,0.024587243344965985
10000,100000,0.2,0.019480251179643308,0.39491248383628963,0.4275374975366112,0.2554186615387625,-0.012241791651086171,0.024383110869186868
10000,100000,0.5,0.02637774651929716,0.047263113160439435,0.07766663161693968,0.10831770415773705,-0.005734543518224251,0.02457161399036884
10000,100000,1,0.019441511385621727,0.07634339141819983,0.23137111562327148,0.12092673278229427,0.005371749454618553,0.02448931648060286
10000,1000000,0.01,0.03913043769607729,0.15825605752035526,0.24355150278917934,0.2884297068106835,0.0155666398232707,0.024382517678987393
10000,1000000,0.02,0.024123156629417962,0.022847130381182926,0.20676856973881544,0.053223892944530164,0.0036462795918604735,0.02441462716719888
10000,1000000,0.05,0.04429494135238106,0.4779564536358644,0.4848902823059491,0.015812709521955428,0.030623039605343665,0.0244022615202159
10000,1000000,0.1,0.02036012881932798,0.125885183916756,0.382094160793269,0.23371845422949958,-0.007223835218958162,0.02447242033484543
10000,1000000,0.2,0.03540462995114966,0.042434284641451554,0.20300911150816717,0.0623717021461937,-0.007293206361566973,0.024480347955497223
10000,1000000,0.5,0.0293529068831456,0.39814398142270835,0.45145154639263224,0.009490574936775919,-0.01852128840328655,0.024492531814998504
10000,1000000,1,0.03243000680629534,0.1222103978398638,0.6656012159793478,0.0033111879881519333,-0.011337077585943028,0.0247055698947379
10000,10000000,0.01,0.03164370851708342,0.05553601023197468,0.24447046340150128,0.0019157509086380165,0.007457181501314898,0.024439596967459693
10000,10000000,0.02,0.01274134089226592,0.21636658130725733,0.3005251835510371,0.02829986083160355,-0.005926662913288589,0.024578326584521547
10000,10000000,0.05,0.018088829347951394,0.12260282510255519,0.13770073726513465,0.09128540348746342,-0.006333746836902747,0.024593639454452074
10000,10000000,0.1,0.02192877934754678,0.5739797994523123,0.8170947020858628,0.08269109731038729,-0.016613562197301777,0.024495630367412164
10000,10000000,0.2,0.02618488915742362,0.048940113325032536,0.12278116316735449,0.035503882811891936,0.0057927291827824835,0.024517048234540616
10000,10000000,0.5,0.01617822887248359,0.294001531796558,0.2940386769920719,0.1819741095071549,-0.00877214439138714,0.02444907602439173
10000,10000000,1,0.026726465727610615,0.07552864986664418,0.7232539833284422,0.0395987483440382,-0.00734509458552595,0.024527814255863964
