interval,mean,q025,q16,q5,q84,q975,nch,z
1,0.4626374392863792,0.4291613387880849,0.4450388289170083,0.4610190612737475,0.4806611242056323,0.5103734474724313,5,0.1
0.5,0.436268480145749,0.4025230093155865,0.4201026087497076,0.4336735553230208,0.4533265137167009,0.4711886419197755,5,0.1
0.2,0.6079073694577918,0.5799273878788525,0.591371263121083,0.6053859782776524,0.6256483826759162,0.6483395360091009,5,0.1
0.1,0.6628081990368422,0.6150347086147255,0.6409547854521466,0.6615999827421636,0.6842025772734749,0.7027087734711186,5,0.1
0.05,0.700062781627437,0.6531060550953551,0.6749082760335221,0.6995372805386102,0.7263424741224036,0.7533641228190259,5,0.1
0.02,0.6131156424857789,0.5784530036614113,0.5963311359859395,0.612613689427856,0.6296891525667656,0.6485145032661729,5,0.1
0.01,0.6332763606463481,0.6085414133640822,0.6169928412377923,0.6319176690749813,0.653858576723364,0.6654885442234034,5,0.1
1,0.3834181076483846,0.3314755116913228,0.3564196333366252,0.3831607757861292,0.4147966366668229,0.4369762981628457,5,1
0.5,0.2431224092942314,0.2098816429544902,0.225180830709487,0.2423298505068506,0.2617912740231564,0.2784223685971604,5,1
0.2,0.2785608078679266,0.24098076341034,0.2602099022651295,0.2765035268125597,0.2981936819450939,0.3130911005619283,5,1
0.1,0.2779475692922513,0.2335322897722353,0.2505899034192792,0.2769435472442083,0.3018259412421514,0.3271334097611514,5,1
0.05,0.2798490418545247,0.2060443757801064,0.2483149393113988,0.2785168418680755,0.3066905226095292,0.3707008777078519,5,1
0.02,0.3248533608824431,0.2753338240693797,0.2922969280466262,0.3240130491471236,0.3567318293516828,0.3717672778847144,5,1
0.01,0.2969689062906828,0.2181432009421872,0.2521338790428175,0.2934865005878472,0.3427034014195374,0.3927236454661535,5,1
1,0.4065649385003891,0.3677824767868014,0.3869040815133883,0.4075972779174653,0.4282782803696021,0.4429026996591639,10,0.05
0.5,0.3947874054977318,0.3595619783243307,0.3753141675570691,0.3953421861529479,0.4118208243402398,0.4280927776616112,10,0.05
0.2,0.5881298065088383,0.5524195919668794,0.571345057321182,0.5885508460959468,0.6056832544267341,0.6220786628288641,10,0.05
0.1,0.699061434208768,0.6711702668467813,0.6837470600266844,0.6979425051849426,0.7170358792566792,0.7283348196718609,10,0.05
0.05,0.7279300028352514,0.6909228438481856,0.7095738202808046,0.7281553534468429,0.7459238830201886,0.7654969077328265,10,0.05
0.02,0.8034101733395869,0.7629320449111455,0.7823099515169917,0.8032265525453788,0.8252277933484762,0.8527649345349066,10,0.05
0.01,0.7675733562419746,0.7223940054750595,0.7415371108619413,0.7680900995891042,0.7928042845610996,0.8168738002352169,10,0.05
1,0.4077814382436886,0.37617104796082,0.3892844356746333,0.4046541916957571,0.427117093382909,0.4496018518544435,10,0.1
0.5,0.3544926006336657,0.3207948377004504,0.3365251010397537,0.3548956828443174,0.3702853979310528,0.3916531050275464,10,0.1
0.2,0.4909695161865623,0.4590940815415311,0.4795191761748596,0.4929224433355734,0.5051045609355145,0.5142610585587487,10,0.1
0.1,0.5688317744538841,0.5367857066439077,0.5534314581777329,0.5697181812479464,0.5812775852534919,0.597161953230186,10,0.1
0.05,0.6162120403221896,0.5895924570355908,0.5996569748413105,0.6151669583657478,0.6322277580842403,0.6505639870452514,10,0.1
0.02,0.6222971747522323,0.5675860218939924,0.6051124561665673,0.6234431211207994,0.6401664232979019,0.6626407240004031,10,0.1
0.01,0.6091256518734757,0.5673764742947809,0.5849407105663815,0.6010621424563216,0.6378472277228766,0.6740864703045332,10,0.1
1,0.3642305107373482,0.3212217706930696,0.3381719924936457,0.3641162619014003,0.3858950015495502,0.4097734091519348,10,0.2
0.5,0.3174573000406771,0.2822445915345181,0.300324380574697,0.3171824135785457,0.3326121401457651,0.3546951605382088,10,0.2
0.2,0.3839808510346519,0.3481065590536226,0.3693075760107077,0.3843445638100265,0.3988493712306407,0.4150476098634368,10,0.2
0.1,0.4470436505266079,0.4088827046366049,0.4341028772134522,0.4458394923991329,0.4621843757678981,0.4771851216710855,10,0.2
0.05,0.4556481089313597,0.4212749744435871,0.4391497535877208,0.4548417135345147,0.4721392809371405,0.4897488079015497,10,0.2
0.02,0.4925986219077803,0.4581960587495589,0.4764632415756182,0.491415338139971,0.5109068377597057,0.5338651985664453,10,0.2
0.01,0.4976315015869884,0.4638040535232253,0.4765938326045774,0.4968016835263734,0.5178342050021437,0.5416593323723,10,0.2
1,0.3670958463486932,0.3027092146470815,0.3390769575014118,0.369580724776534,0.3954288115909869,0.4211587721728454,10,0.5
0.5,0.2200856539679363,0.1843581485618807,0.199344121969559,0.2219361493430885,0.2386358650598652,0.2562119605798071,10,0.5
0.2,0.2773466602104573,0.2480303447295749,0.260028336241771,0.2767083763005364,0.2922851510766432,0.3082731545974426,10,0.5
0.1,0.2995981248838173,0.2624637756627233,0.2811453369405937,0.3022894864115594,0.3167309295163468,0.3263218270228407,10,0.5
0.05,0.3351566211468018,0.2994975346340612,0.3195256069470566,0.3341073477602964,0.3538801637504735,0.3751811664836875,10,0.5
0.02,0.3645371465694217,0.3352441828747844,0.3479107272650195,0.366162122732173,0.3800077849689746,0.3957769306377394,10,0.5
0.01,0.3055407380705575,0.2624429358538241,0.2878158828327009,0.3058717485999072,0.3270133672404439,0.3428484650759488,10,0.5
1,0.3081439836787896,0.2595483244656951,0.2838670477638916,0.3078199119227905,0.3341685032610029,0.3552047886380884,10,1
0.5,0.1862637607114216,0.1555005519464331,0.1721335884828496,0.185949402983377,0.2010019206650379,0.2165153836458805,10,1
0.2,0.1949529315119682,0.1646525880121048,0.1798121156381776,0.1931492554077582,0.2087409359256631,0.2266020666427011,10,1
0.1,0.2484978126171459,0.2206736186137954,0.2324968404647071,0.2498335121989968,0.262631958547455,0.2770039267018315,10,1
0.05,0.2597783068837472,0.2302427955107526,0.2438363234665595,0.2606252288042461,0.2757499721630525,0.2916534269918888,10,1
0.02,0.234793968646465,0.1959884606591913,0.218023894204973,0.2342438709381295,0.2521202776407192,0.275336478548513,10,1
0.01,0.2825073526360561,0.2457142047613073,0.2659881663368253,0.2837770571313264,0.2971939270540954,0.3146352473706039,10,1
1,0.1979236157962991,0.1464225638641494,0.1682948736017095,0.1952215610246598,0.2289985463148022,0.2569232836644091,10,10
0.5,0.1361018162514947,0.09641145557241448,0.1151057522480799,0.1341989074270883,0.1595357980386546,0.1738064025428223,10,10
0.2,0.1390794505846803,0.09331381125094174,0.1156952872048831,0.1403009808600358,0.1634142815965224,0.1855364209100746,10,10
0.1,0.1148322232516043,0.07559415095736223,0.09908767811286454,0.1162171489992963,0.1295692536373257,0.1469002467124239,10,10
0.05,0.1317119636104914,0.0908562078502029,0.1131363810949167,0.1319466232046001,0.1504107054895669,0.1679013519188956,10,10
0.02,0.09039022026889786,0.06910406008139866,0.07843011254115567,0.08962328985276513,0.1038331825229611,0.119486981151214,10,10
0.01,0.1035456532912798,0.07150406898630574,0.08700831461100726,0.1029833769221485,0.1198778052832676,0.137677311074467,10,10
1,0.1188923266152077,0.08933522619095062,0.1021567870876954,0.1164171029401971,0.1381524227621037,0.1608292870426918,10,100
0.5,0.116106091538531,0.08752321962375552,0.1009522733490359,0.1155368466655677,0.1311488601759439,0.1477341801109421,10,100
0.2,0.1024305039390365,0.07262763310289871,0.08777955868367167,0.1016754583943281,0.1178235958970939,0.1328711922579878,10,100
0.1,0.1060849484331505,0.07710477151151851,0.09133264830081109,0.1029892200705138,0.127131514749514,0.1350081918280581,10,100
0.05,0.1099070701620236,0.07518673442397707,0.09717698032220352,0.1082765670380526,0.125081229325842,0.1469597107099275,10,100
0.02,0.0941861630219088,0.06598062489568805,0.0817916416567598,0.09544319761447254,0.1068401642905369,0.1183253409887689,10,100
0.01,0.1059902772958693,0.08068122899063948,0.09086349500625596,0.1048053124508582,0.1201228375148207,0.1355757489747352,10,100
1,0.1195138551517264,0.09178197029987606,0.1043147893012408,0.119371801408095,0.1346627772513581,0.1569292458711792,10,1000
0.5,0.1052828118723934,0.0782423761073832,0.08996788317052262,0.1054789475355316,0.12063866127868,0.1363020896516476,10,1000
0.2,0.098802210945239,0.0723977985163824,0.08528313281537234,0.0994555338922672,0.111451592570584,0.1222345882598163,10,1000
0.1,0.1082343768031639,0.08000305299605875,0.093736208441477,0.1076002823754212,0.1233354858063631,0.144350640070512,10,1000
0.05,0.09886859330619942,0.07384634478979028,0.08486990255115055,0.09867278038162676,0.1094814096348688,0.1318033022532784,10,1000
0.02,0.1079609147245904,0.08715314838278404,0.09556720779865156,0.1064379516844356,0.1201231614412802,0.1369145023011736,10,1000
0.01,0.106582608179021,0.07497457999874063,0.09078792394431548,0.1068635988064317,0.1204029368663296,0.1425485558272697,10,1000
1,0.1078191275319039,0.07691746177724584,0.0928161462175384,0.1045239304440667,0.1224794075726879,0.1473551916747141,10,10000
0.5,0.08590746500905684,0.05943631548520525,0.07283050449304874,0.08607389674589191,0.09742857478787256,0.1133790665204754,10,10000
0.2,0.1070190482703705,0.07837085322791498,0.094211609395609755,0.1055913708861321,0.1227250881784728,0.1327024229272249,10,10000
0.1,0.1066710876828294,0.07134007894373595,0.08931933747590416,0.1057960657332641,0.126834987522305,0.1406671298840295,10,10000
0.05,0.08612680314045998,0.05857731609573927,0.07234347804592037,0.08659801979433011,0.0979218487938428,0.1126478489473332,10,10000
0.02,0.1024194395101456,0.07491392526760488,0.08948567509478694,0.1033202471373856,0.1160738348820844,0.1296740784932642,10,10000
0.01,0.1011706861983519,0.07392742602031929,0.0873181585609559,0.1008552098051091,0.1149299751752668,0.1335679343048926,10,10000
1,0.3510077464383267,0.3110341759544195,0.3340920224252199,0.3510924360940809,0.3670885542100306,0.3909968247238947,20,0.05
0.5,0.330699268601541,0.3049911729947385,0.3160832425103464,0.3274354303909972,0.3465264504381175,0.3605206012658977,20,0.05
0.2,0.4933888538454166,0.4610777938402854,0.4755805146815303,0.4946549971621,0.505662073760366,0.5253145018910961,20,0.05
0.1,0.5986284228716339,0.5726782702411845,0.5849011812399012,0.5970962482041722,0.6139691346202746,0.6237419417686535,20,0.05
0.05,0.6423493124939654,0.6083399485184312,0.628515254556236,0.6430396068094193,0.6555285830506392,0.6706943854617577,20,0.05
0.02,0.6935909580223816,0.6602071416591376,0.6787813655295336,0.6950244807816344,0.7102185378908559,0.7197619275341811,20,0.05
0.01,0.70557276248382494,0.6761362188073663,0.6904799815133937,0.7049944396976622,0.7197829811444303,0.7366578282728778,20,0.05
1,0.3344800480054761,0.2919541427859013,0.3126654407081269,0.3353061885881343,0.3566071774524545,0.3664629407089977,20,0.1
0.5,0.2658378377318366,0.2325130228580362,0.248635440515873,0.2658098787294021,0.284688795751369,0.294628994198375,20,0.1
0.2,0.4031484108731641,0.3718067957034509,0.3904076168901106,0.4017138853009301,0.4192602140453881,0.4355680862603077,20,0.1
0.1,0.4810550335704875,0.4432649239141417,0.4657831665264062,0.4819390084612475,0.4983218533230979,0.5104114703868672,20,0.1
0.05,0.5332811961373475,0.5010966372283361,0.5188275359648884,0.5331478372006707,0.5481810714605003,0.5668733059648661,20,0.1
0.02,0.5478281732056215,0.5181848006125539,0.532028565882787,0.5474594895134799,0.5628682139925422,0.5745048883772803,20,0.1
0.01,0.5718156928026601,0.546731560924459,0.5569337786428603,0.5731045677069736,0.587768037093317,0.5990386803522507,20,0.1
1,0.3025947160087948,0.2672908549231505,0.2829638594512233,0.3015740974851921,0.3250383326779583,0.3366135278584704,20,0.2
0.5,0.233919091484032,0.2006351751887633,0.2184411650478961,0.2342392807641804,0.2476681697693571,0.2626331901039973,20,0.2
0.2,0.3173596962661843,0.2883010677677074,0.2992069253445938,0.3178457368547551,0.33281271339302537,0.3457268105061928,20,0.2
0.1,0.3861675168681422,0.3568453218556075,0.3702561848057524,0.386513696300369,0.4008379491869641,0.4208194605182686,20,0.2
0.05,0.3899502124854471,0.3558186593676167,0.3749464995409761,0.3894564915171693,0.4053927782002144,0.4232748640396593,20,0.2
0.02,0.4003661976747708,0.3698928335549498,0.3861228956804829,0.4016659188510615,0.416016873941245,0.4267276771393961,20,0.2
0.01,0.4401905544792089,0.4164760988263643,0.4273965590221445,0.4397048990681933,0.4535507919010558,0.4634840153466936,20,0.2
1,0.2459709945789391,0.2078799432781718,0.2261369145521398,0.2467188945426207,0.265375186327976,0.289390971761632,20,0.5
0.5,0.1740094724032233,0.1388332025242864,0.1571922370539422,0.1738109103772714,0.1923149476466793,0.2061159519417273,20,0.5
0.2,0.2296927142711739,0.1957374623819776,0.2156799033224144,0.2301373460180564,0.2442791444300606,0.2574233194749194,20,0.5
0.1,0.2737428789865647,0.2437764176084021,0.2587295615155883,0.2753579785438879,0.2867297832371026,0.2983308975336347,20,0.5
0.05,0.2954447172400785,0.2691731359681784,0.2788285633404362,0.2974249743727856,0.3075929001381429,0.3190816356725917,20,0.5
0.02,0.2881932622685739,0.2618031605528917,0.2737226004663146,0.2890954294642015,0.3022360481663114,0.3153012335230964,20,0.5
0.01,0.275234691526588,0.2455110908244338,0.2595321382544159,0.2774072600850065,0.2917437418602221,0.3037239548585287,20,0.5
1,0.2492091570481332,0.2123186087802087,0.2301779640792236,0.2491454840801096,0.2682242246074065,0.2840259709838326,20,1
0.5,0.1636702040643804,0.1243364950685849,0.1506669098704486,0.1640478560469624,0.1799536109637455,0.1982056314181062,20,1
0.2,0.1888502694079347,0.1605456067860193,0.1728329893622034,0.1888061179296719,0.2006050305424807,0.2203365698439141,20,1
0.1,0.1977944792876998,0.1678115058540983,0.1819034544107042,0.1972548963627314,0.212214668227476,0.2278493910101833,20,1
0.05,0.2131257368017597,0.1891515792795347,0.197135312120717,0.2142020044596579,0.228219082946216,0.2424285413315501,20,1
0.02,0.24023171411138,0.2076999680763628,0.2279294488392536,0.2403162648020333,0.2535864051839841,0.2689671577631775,20,1
0.01,0.2409840091948388,0.2118307508239722,0.2225678007828631,0.2387042957842719,0.2568938573495269,0.273844147944066,20,1
1,0.2016358382076426,0.1533303904143015,0.1784993818669561,0.2001138094718952,0.2222571074286841,0.259638051384899,20,10
0.5,0.181770737902193,0.1297439235676639,0.1603279507984255,0.1831875472685636,0.2034093037155424,0.224947168004967,20,10
0.2,0.1166118317034685,0.08485377386523293,0.102454509112422,0.1162172563128104,0.1301957593669386,0.143741143865903,20,10
0.1,0.09610981604654364,0.06683122172070119,0.08159936561444447,0.09645929365201591,0.1098262819109467,0.1235694365620839,20,10
0.05,0.1129485491512822,0.08389389275295095,0.09744494511852944,0.1108421881083314,0.129878874859122,0.1439134072404258,20,10
0.02,0.1338678572963564,0.1037631907935821,0.1165629245008917,0.1348981537520801,0.1464041695305599,0.1737841170839636,20,10
0.01,0.1043479142760132,0.07235410022236619,0.09007311346319372,0.1023314913703707,0.1194183359845554,0.1386459470167363,20,10
1,0.229729829398916,0.1953261062221841,0.2125271238303348,0.2310239602788897,0.2470153064123224,0.2625387079774198,50,0.05
0.5,0.1945763241818713,0.1559922743782119,0.1774947062580597,0.1946965744697872,0.214082335171501,0.227864103354793,50,0.05
0.2,0.3457211951021857,0.3197623563663072,0.331555314290339,0.3456080436928894,0.3578990490754859,0.3865936446986588,50,0.05
0.1,0.4855653425947456,0.4592230045813565,0.4719776558673774,0.4854147767164237,0.4998010047653295,0.5154423254643661,50,0.05
0.05,0.5595593368168292,0.5277088816078779,0.5451004897699018,0.5599182284721218,0.5751821104008454,0.5909346608503923,50,0.05
0.02,0.5658556099419709,0.5382645132323243,0.551536715006156,0.5640074036900183,0.5814128415833879,0.593101470601997,50,0.05
0.01,0.6226520048602301,0.5954140513487307,0.6072589407914476,0.6226150219797059,0.6370689093529504,0.6522103980258523,50,0.05
1,0.1845746323780784,0.1492966711138028,0.1663140723530716,0.1836187356568518,0.2025295862526838,0.2149455761257816,50,0.1
0.5,0.2033733505251546,0.1728478072117677,0.189222551734551,0.2035777380818828,0.2158685528152308,0.2292034690735933,50,0.1
0.2,0.3060274974756505,0.2733710013219685,0.292186060630615,0.3059268017376469,0.3195184424976083,0.3357410361978898,50,0.1
0.1,0.399787355184007,0.3705944588219019,0.388780157389116,0.3995475031458965,0.4116224611646097,0.4259786854981587,50,0.1
0.05,0.4347623693274946,0.4084135495113733,0.4221710655809509,0.4362488246474313,0.4470736656789402,0.4607499643675244,50,0.1
0.02,0.4583473345297419,0.4317857869297693,0.4458358125237146,0.4581321499291933,0.4735072998000731,0.4861927667424482,50,0.1
0.01,0.499087366333173,0.4741335057120533,0.4856279452924465,0.4989795258660675,0.5126882054525116,0.5343623177723869,50,0.1
1,0.2217857914934774,0.1931831116707881,0.2045204045653036,0.2195598291364835,0.2397246926423419,0.2603227687661726,50,0.2
0.5,0.1417979505953372,0.1158215120780445,0.127836723581851,0.1421305617914791,0.1563071792479327,0.170095796794646,50,0.2
0.2,0.2733558017602356,0.2369085041953477,0.2572372463114174,0.2734258670499521,0.2879788487184626,0.2994614115959151,50,0.2
0.1,0.3523387525988937,0.3209356484703983,0.3379637803582531,0.3532281421053005,0.3665551209533638,0.3800911899535552,50,0.2
0.05,0.3374807161320492,0.3052488921808255,0.3238043117202565,0.3374892161873134,0.3518230899352967,0.365029406822324,50,0.2
0.02,0.3575712438415761,0.3290040186765039,0.3446940573803019,0.3585655112048088,0.3717816636218456,0.3845997034989908,50,0.2
0.01,0.3716519412738494,0.3450603516677427,0.3570888338489528,0.372052555230471,0.3868113691610918,0.3985498627856586,50,0.2
1,0.18406253793651,0.1466526776393714,0.1632484715409496,0.1826435716582537,0.2057964979178533,0.23006302642891,50,0.5
0.5,0.1093192489471747,0.08422464918148302,0.09515821471328167,0.1086971931605639,0.1229934241463183,0.1474521887387206,50,0.5
0.2,0.2374022411910175,0.2080797092557952,0.2218557779462094,0.2380383862931115,0.2540614663872188,0.2644780300170727,50,0.5
0.1,0.2468617932562248,0.2161790960594385,0.2352630439057214,0.2462729317626292,0.2603614485425566,0.2726171647785566,50,0.5
0.05,0.2578371908009483,0.2289882543866771,0.2434352316583525,0.2586501247682458,0.2704260217212373,0.2857508764357001,50,0.5
0.02,0.2483384152633636,0.2203572792249339,0.2334113041562639,0.2480058009601988,0.2614994603982637,0.2822869390744782,50,0.5
0.01,0.2920829682542664,0.2630295156416225,0.2766488732469502,0.2926050833284149,0.3071149598531658,0.3165739567821187,50,0.5
1,0.1727012050581961,0.127576140347834,0.156517562587029,0.1722482964126944,0.1898518252297685,0.2055284845801259,50,1
0.5,0.1151245912887822,0.08784705695153376,0.1013282452521353,0.1146990168357639,0.1297706198936467,0.1479212316748801,50,1
0.2,0.1578118823232065,0.1348375287671375,0.1464344545355997,0.1568625481630727,0.1706747274268934,0.1857757915270092,50,1
0.1,0.1863590040520768,0.1567478082882823,0.1700000242466692,0.1856310805065329,0.2016191164484699,0.2171774164114183,50,1
0.05,0.2030346618093825,0.1765572777633131,0.191507951185644,0.2009087384817074,0.2168865099806285,0.2343952992731601,50,1
0.02,0.210943185640962,0.1726737366340736,0.1962767796975469,0.2094461617509319,0.2252722923621969,0.2464361148933239,50,1
0.01,0.2192941588481905,0.1851428632662833,0.2033923627911249,0.2189980877967541,0.233143917516427,0.2508317910881786,50,1
1,0.1446854176363252,0.09778104080263308,0.1247246419780255,0.1448538462703508,0.1637035790215568,0.188659092593126,50,10
0.5,0.1063560965780234,0.07878443361504642,0.09469175747241952,0.1075599178763278,0.1190750041689135,0.1370187107686088,50,10
0.2,0.1111610439684581,0.08290022769881539,0.09478144041870114,0.1082881298253657,0.1273852317534158,0.1478957674924928,50,10
0.1,0.1118095283354316,0.08651412139425427,0.09695939557145912,0.1123475082330177,0.1257621714923904,0.1349779482601385,50,10
0.05,0.0985677128546986,0.07323858952227283,0.08615481698712536,0.0977716774248111,0.1120733239863725,0.1304547330163817,50,10
0.02,0.1032333196740976,0.07510979023433806,0.08942887851163092,0.1039499809863053,0.1160488888568589,0.1259405070865893,50,10
0.01,0.126562990655542,0.09935273882011636,0.1137940463560733,0.1267350271079692,0.1397753137634321,0.1491239365328349,50,10
1,0.1484519153895781,0.104282951398037,0.1325777131616786,0.1465016478896675,0.165399197125021,0.1936765886737128,100,0.05
0.5,0.1341960888993687,0.1110057752950441,0.1172305668329322,0.1343356438052079,0.1479254788968705,0.1668614028217775,100,0.05
0.2,0.2436302116384313,0.2198958803388231,0.2265177176412752,0.243011688510844,0.2598001707646019,0.2736488653114849,100,0.05
0.1,0.3708065414369655,0.3424736715527743,0.3574662610723491,0.3703536085370168,0.3852925807320374,0.3993925050993894,100,0.05
0.05,0.4451222162946133,0.4203424347394472,0.4337415799629832,0.4442844673113728,0.4576341528987233,0.4809889396931319,100,0.05
0.02,0.4941594039889546,0.4703013578621769,0.4818960366733557,0.4942474721390435,0.5060167941031471,0.5219194880471119,100,0.05
0.01,0.5105430019522287,0.48384688452972,0.4972257008024212,0.5115356022279123,0.5252460882786509,0.5332930310279579,100,0.05
1,0.1590733512584769,0.1208680323468692,0.1398445509166695,0.1600153694941413,0.1766617816918578,0.1958812109901392,100,0.1
0.5,0.1455874284740923,0.1148729784554708,0.1304622046865336,0.1440198557204624,0.16331862890472,0.1842109371576481,100,0.1
0.2,0.2490530591810301,0.2202023985482251,0.2374296654094278,0.2479086269797417,0.2631343943917417,0.2783166030063365,100,0.1
0.1,0.3336085202479387,0.3178803819868829,0.3216877553822506,0.3327016094390783,0.3440785036418635,0.3607324133656663,100,0.1
0.05,0.3830592633378307,0.3584737017906569,0.3690131281146584,0.380568792380662,0.4003885479394795,0.4159005596674255,100,0.1
0.02,0.4142632948147235,0.3810136555020106,0.3975081959392043,0.4157669742446128,0.4288937897051269,0.4447203202831966,100,0.1
0.01,0.4146295098964584,0.3880027141987534,0.3994928830360905,0.4153895248183233,0.4306704181189334,0.4395617624518126,100,0.1
1,0.1650088020780851,0.12960467737718331,0.1458317732416274,0.1662657371843676,0.1814438541652678,0.1969692310518211,100,0.2
0.5,0.1428599770860687,0.11052752660997581,0.1273298295544829,0.1405892426609856,0.1605467937637628,0.1754546429085009,100,0.2
0.2,0.2404472968683394,0.202364421987933,0.2265717998723296,0.240676343865407,0.2554069994251368,0.2660926546584025,100,0.2
0.1,0.2878684660127131,0.2632486822968397,0.2750182119522581,0.287446964842213,0.3012371516927576,0.3151620650086238,100,0.2
0.05,0.2994883990383899,0.2654871807151837,0.2818833918980045,0.2983941018454779,0.3169956535734028,0.3344326691942119,100,0.2
0.02,0.3399667735180239,0.3143585760057137,0.3268260629134558,0.3389671266720921,0.3545536703024898,0.3727643743845268,100,0.2
0.01,0.3288657816755494,0.3059752888247649,0.3165384347600457,0.3299860104709044,0.3399863102964465,0.3587374449737303,100,0.2
1,0.1558607584319908,0.1245829373667093,0.1372196870828638,0.1548074725243043,0.1744171821390888,0.1970329661410988,100,0.5
0.5,0.1227937753417001,0.09682340899380606,0.1082698167078423,0.1210756555854111,0.1405165905681585,0.1539714038361698,100,0.5
0.2,0.1790998400767937,0.146286393650267,0.1670635037433431,0.1787701578962207,0.1929758423006253,0.208280310669624,100,0.5
0.1,0.2219017129470197,0.1962004013703823,0.2064242975929851,0.2190085121719919,0.2397669642570456,0.2588619394456558,100,0.5
0.05,0.232597599400144,0.2066107941356698,0.2167515918800899,0.2324888851226075,0.2474841597278478,0.2616855046483105,100,0.5
0.02,0.2553029186958357,0.2236587644212481,0.2407291539963393,0.2552131879310235,0.2706892578648771,0.2808242158211985,100,0.5
0.01,0.2255398006244424,0.1987292722295098,0.2096584997730441,0.2267436507773921,0.240743306979749,0.2556537853817671,100,0.5
1,0.15721848656129,0.1227323622995291,0.1386529152679229,0.1570032679039233,0.174362255102337,0.1894563740756118,100,1
0.5,0.1378355414903686,0.1064047660014703,0.1237638066024801,0.1364262900779914,0.1531913595505335,0.1673156247317497,100,1
0.2,0.1476578270240611,0.1236963438880908,0.1338228372385087,0.1465478625633291,0.1635888163180274,0.1786636864385578,100,1
0.1,0.1838578790898932,0.1542366299230183,0.1679250947822695,0.1844416493118796,0.1981049376857688,0.2142803007590127,100,1
0.05,0.143389485874649,0.1169111111942526,0.128074282603591,0.1428566451358254,0.1585372018516691,0.176371811125104,100,1
0.02,0.1778668680715847,0.156683019682352,0.1653185752613007,0.1782460533380578,0.1909034520381787,0.2076796714375464,100,1
0.01,0.1975438903681598,0.1692321345073756,0.1818478786681409,0.1982483380834853,0.2127750230976124,0.2278674695936458,100,1
1,0.1551951964593701,0.1257665705253462,0.1373700203925321,0.1551507152079744,0.1732794845775911,0.1905163018066987,100,10
0.5,0.1021704038332593,0.06744861458021635,0.0902738747991918,0.1014988494190006,0.1152120582936107,0.1327450918180179,100,10
0.2,0.09592015228481482,0.06949264025521146,0.08125599724495963,0.09395180905620476,0.1095367871575211,0.1301101412375231,100,10
0.1,0.0926602220569063,0.060896570214653493,0.07994284651382508,0.09351832095609612,0.1077444077356826,0.1226271676464265,100,10
0.05,0.09886821322852107,0.07666389608938695,0.08719670088861106,0.0997484647123202,0.1119624771039541,0.1239835963118312,100,10
0.02,0.09134625081147311,0.0676799520072004,0.07817698033095119,0.09338843331222912,0.1035072664137491,0.1153757291184012,100,10
0.01,0.1025884463208816,0.07724879306133099,0.09034189224169716,0.1022413570490298,0.1145533887241392,0.127201543745196,100,10
1,0.1332117859804432,0.100005237174437,0.1160950284347383,0.1340823672542806,0.1492377074004494,0.1635498001647401,100,100
0.5,0.09603043230110384,0.07171170075104033,0.08229707350678968,0.09463016402721064,0.1110726357013057,0.1244555758628991,100,100
0.2,0.09393034216021956,0.07169239400200392,0.08326094893931539,0.09359623535701556,0.1053766470229273,0.1184452456282359,100,100
0.1,0.1109355406648849,0.07990359161992724,0.09748335508581107,0.1109510015913842,0.1265962429586544,0.1396987421930688,100,100
0.05,0.08487870416711617,0.0628971051091844,0.07404851923899529,0.08402212093900985,0.0979093483950658,0.1118333121370928,100,100
0.02,0.09366402569110638,0.0705444254268894,0.07936446163978374,0.09320687743064826,0.1083080223693164,0.1179326271254708,100,100
0.01,0.09432130804484692,0.07001520187918867,0.08193169024617966,0.0951726593651695,0.1051763680325344,0.1218199422192849,100,100
1,0.09268689953585796,0.0690088879959869,0.07790758887643374,0.0915698264236426,0.1058354358909281,0.1268922888043451,100,1000
0.5,0.08902525771958196,0.06207698876393242,0.07306458582062214,0.0897901751510633,0.1035772591975299,0.1233527400148869,100,1000
0.2,0.08423545014143864,0.06114109682593324,0.07217216719866579,0.08445356835263407,0.09585251870526554,0.1088025553368365,100,1000
0.1,0.1049973901730817,0.07466180685854934,0.08823589567151785,0.104463891809934,0.1214190631892717,0.1419383109509224,100,1000
0.05,0.1012906259992449,0.07315887136848107,0.08683966296823038,0.1001901439413081,0.115051969636382,0.1365405775617709,100,1000
0.02,0.0985338196909036,0.06258828606479841,0.08148515166042583,0.1008427239222266,0.1139783363689914,0.1277604328763475,100,1000
0.01,0.1073518337341231,0.07980463305654575,0.09092974334457586,0.1080938174242705,0.1239069807626643,0.1407911232743261,100,1000
1,0.1084700751487189,0.07613043404458845,0.09296740905799206,0.1091807712576449,0.1243924449595043,0.138467504784805,100,10000
0.5,0.08716529012607759,0.06333636955864,0.07569712045858412,0.08606848185144271,0.098935591874545,0.12017466643712,100,10000
0.2,0.0899569683467318,0.06224588223392805,0.07587810691355217,0.0882088941352345,0.1033501116157289,0.1245779279713948,100,10000
0.1,0.1029583885344556,0.07555249125369609,0.08785459165499836,0.1043166508042425,0.1163428116152368,0.1318641576773307,100,10000
0.05,0.09534972457184251,0.06772877309346223,0.08083967646335934,0.09369767784775092,0.1088053838297304,0.1239152576245254,100,10000
0.02,0.08731451661370931,0.06158200745077916,0.07254133482401928,0.08729319094208086,0.1001599377420883,0.1183304644830756,100,10000
0.01,0.09408608493276928,0.07094668818084228,0.08166417345368616,0.09320237126600422,0.10842094100588,0.1247529234936428,100,10000
1,0.1122944063360398,0.08261553790610651,0.09753805243315566,0.1111594884179484,0.1283154088062056,0.1400975472379469,100,100000
0.5,0.08433054790086661,0.05713373123122843,0.07167691394704169,0.08389124880375601,0.09694425330360876,0.1148170292838896,100,100000
0.2,0.09706907093594935,0.0667640897118917,0.080008413563356,0.09588174955921432,0.1160294688438834,0.1292741518811789,100,100000
0.1,0.106806436004905,0.08470469393750049,0.09346577823052908,0.1054203136338139,0.1195372435619432,0.1356557900016438,100,100000
0.05,0.09293279324910816,0.06680826272562707,0.08219130584355552,0.09403776905746268,0.1037718691551693,0.1186080323265749,100,100000
0.02,0.1095784595079291,0.08084809723769776,0.09829862687378652,0.1088446844772133,0.1237942331893242,0.1332573805875076,100,100000
0.01,0.08949908190900319,0.0648281016610532,0.07646844962019064,0.08925755450556644,0.1044674857713043,0.1153066660277955,100,100000
1,0.141784295919433,0.1047254093138096,0.1246299000935866,0.1405864220166064,0.1616028401396865,0.1819322646679232,200,0.05
0.5,0.1045039957502065,0.07571910148248145,0.08881716953871462,0.1056133435019564,0.1196518601227426,0.1315005689691525,200,0.05
0.2,0.2115927193156319,0.1759210884811147,0.1975729469761801,0.2126398003153937,0.2266743101352389,0.2400729701548865,200,0.05
0.1,0.3106137358848211,0.2799309315952268,0.2963927287290447,0.3117110658386631,0.3223675245579908,0.337749236408506,200,0.05
0.05,0.3895254974895647,0.3645587945076675,0.3752343392425772,0.3894903514099504,0.4021034654850215,0.4169166576515957,200,0.05
0.02,0.4086207321885505,0.3770498393872594,0.3979417585562283,0.4079474118393743,0.4221794804553348,0.4404565844276954,200,0.05
0.01,0.4191414168889709,0.3898963100158215,0.404685126898441,0.4178839224992573,0.4340999398712386,0.443087978662443,200,0.05
1,0.1635065778734652,0.1302200402306025,0.1459433471046745,0.163869693624337,0.1803261487369492,0.1974433718203462,200,0.1
0.5,0.1034365041450629,0.07486654728934791,0.0884657756717901,0.1025284591964316,0.1171812023836228,0.1372547213291687,200,0.1
0.2,0.1907974572311595,0.1571182345310333,0.1742755991063552,0.1921726735472389,0.2080087530012738,0.22383481121481,200,0.1
0.1,0.2820675985606098,0.245734178200715,0.2679771159165455,0.281682236424174,0.2984319491900517,0.3109357297457825,200,0.1
0.05,0.3047647997828935,0.2776699633220786,0.2912831518407991,0.3030851424788592,0.3199880854755581,0.3366984915874344,200,0.1
0.02,0.3370618957614272,0.3137248819392127,0.3238768280784286,0.3373556478642462,0.3482809973395193,0.365772674622859,200,0.1
0.01,0.3752758579088727,0.3430385469798283,0.360908407312774,0.3768410507936358,0.3896076243468747,0.4052177371390585,200,0.1
1,0.1303725790277103,0.1004882136245614,0.1154289838147178,0.1289639084007619,0.1499557423051571,0.1681578364983233,200,0.2
0.5,0.1078431023082363,0.07452750260753399,0.09413386727647158,0.1071493549926439,0.122363405507438,0.1392927789865175,200,0.2
0.2,0.1902274124694771,0.1647569025372348,0.1746334005671918,0.1899834896904367,0.2040853482133513,0.2172505826659492,200,0.2
0.1,0.2649169365991971,0.2377772351588352,0.2524615430595114,0.2638683649107348,0.2782212241829833,0.2896380697473537,200,0.2
0.05,0.2586805097527334,0.2223554753834585,0.2472169865010509,0.258460858774169,0.2699147450638515,0.2879777449124295,200,0.2
0.02,0.2760563627788669,0.2476115620026306,0.2618536857768825,0.2757172477873379,0.2894643885419049,0.3088044654008269,200,0.2
0.01,0.2763786463730002,0.2446031746081823,0.2636123894432157,0.2759732823899365,0.2888710334204117,0.302688790454852,200,0.2
1,0.1399516144511064,0.1075457820732142,0.1230650492014165,0.1407356023576416,0.1543726290848351,0.1810747391545195,200,0.5
0.5,0.1208149854666074,0.08773483505585843,0.1072026171850412,0.1204817771407781,0.1353941216873799,0.1511890359235018,200,0.5
0.2,0.1279793889537311,0.09787530150065554,0.1137124692364765,0.1293237850615878,0.1414970773205441,0.1492255996453966,200,0.5
0.1,0.19201524047116111,0.1617110309335707,0.1780506930520424,0.1919638157497657,0.2063285888489278,0.228820482398754,200,0.5
0.05,0.1945866557260104,0.163366639503493,0.1808005661821811,0.1943207374312191,0.2080471218311344,0.2224721531531562,200,0.5
0.02,0.2172828647404174,0.1909265717941873,0.2019238376388915,0.2154056076918317,0.2341708781912418,0.245714378732111,200,0.5
0.01,0.2397794899476557,0.2110725740346342,0.2270827841942159,0.2380369561974253,0.2561336621195162,0.2632176272225606,200,0.5
1,0.1472274287244912,0.1118909682183077,0.1263872750827854,0.1463153268328088,0.1684051768877963,0.1862804611407622,200,1
0.5,0.1110000530725463,0.08318249998829669,0.0979517709871774,0.1111630634447585,0.1241923462068173,0.1368911347045123,200,1
0.2,0.1522939766252762,0.1228154305089585,0.1368742087864091,0.1516677179990338,0.167865248791517,0.1855255727727723,200,1
0.1,0.1665742859664691,0.1351872572691673,0.1548055127878375,0.1657106037986793,0.1774362888507628,0.197739161396278,200,1
0.05,0.1902909355128438,0.1649251306450883,0.1768262837581785,0.1894617849926353,0.2046945337409974,0.2204106023725552,200,1
0.02,0.1760169672246611,0.149521413312266,0.1591363466493258,0.1755602670623801,0.1924567243661044,0.2028317044169448,200,1
0.01,0.1764788023793097,0.1446235088228926,0.1609122462520506,0.1784540554594395,0.1902879782769513,0.2040791971738177,200,1
1,0.1093480885801292,0.07599019153804434,0.09126037835209268,0.1091616278607174,0.1259890056426069,0.1443239037291492,200,10
0.5,0.09690648250742596,0.06697824997512622,0.07894848929006126,0.09754350945677324,0.1112139691074372,0.1261867136284371,200,10
0.2,0.09576182014609086,0.06615227745658368,0.084272968339977,0.09505690536397188,0.1084636121413894,0.1238939374240509,200,10
0.1,0.1073263520891863,0.07898623570731317,0.0932264327548138,0.1077822693665487,0.1222046859529709,0.1315374352996436,200,10
0.05,0.112794376709192,0.08798709320808273,0.1012130093682665,0.1116451005483272,0.1246172716261328,0.1383442188095145,200,10
0.02,0.1064468279850933,0.08235899747829883,0.09288234259086207,0.1059773569096588,0.1199972926690804,0.1298038992421394,200,10
0.01,0.1047971249692737,0.06477808023307438,0.09128948029055536,0.1052873527480456,0.1179983231921849,0.134617469233218,200,10
1,0.1266884933930623,0.09330765971288987,0.1100971362768761,0.1258522422616986,0.1454104232333699,0.1664853566338911,500,0.05
0.5,0.1159467558652503,0.08415264584770528,0.1010845931636781,0.1147256111264885,0.1322202683922267,0.1430848829479843,500,0.05
0.2,0.1354917094429642,0.1020007433933417,0.1201499139106342,0.1376804195840016,0.1508013873364927,0.1683687774546104,500,0.05
0.1,0.2346811071460817,0.2052575253863308,0.2198847067109944,0.2361439593917225,0.2479042243395026,0.2661964499041326,500,0.05
0.05,0.3058091766603511,0.27303983066625,0.2905598715199054,0.3074930368766381,0.3212183322023722,0.3335403648883165,500,0.05
0.02,0.3148142090396535,0.2875349319073663,0.3018333183711602,0.3151979364271579,0.3297045178740774,0.337944166014293,500,0.05
0.01,0.3175119066213016,0.2858664562450715,0.3029511128631687,0.3175286412598829,0.3328358858636022,0.3475578321082702,500,0.05
1,0.1128496008405897,0.08185249242028614,0.0978862067206618,0.1125542704456616,0.1278366621405693,0.1407902789208573,500,0.1
0.5,0.0924351516568174,0.06439276164302742,0.08087088633439905,0.09422785032957386,0.1048051182189986,0.1177504472497596,500,0.1
0.2,0.1556903747747307,0.1340898148269299,0.1409432604643868,0.155833969268135,0.1689905776671302,0.1811904318251925,500,0.1
0.1,0.1979644823663799,0.1693291178426191,0.184455732200656,0.19850134308408449,0.2119418505341202,0.2281252006345271,500,0.1
0.05,0.2444282621353294,0.2154077978766543,0.2289687267952673,0.2433338283739521,0.259174766615401,0.2814500564631256,500,0.1
0.02,0.2864734895537872,0.2593953432209135,0.2726258597117726,0.2866422993001429,0.3000388327534925,0.3135583309880968,500,0.1
0.01,0.2930037856966538,0.2652181350423585,0.2763677210710122,0.2945089884344207,0.3091191002638873,0.321393638121336,500,0.1
1,0.09875661583831356,0.07071254971567228,0.08682621765946176,0.09783427179668512,0.1124938346759551,0.1318015106837001,500,0.2
0.5,0.1105487022638671,0.08109571709140118,0.0950836452141913,0.1104212822843606,0.1253241586914064,0.1410048535204216,500,0.2
0.2,0.1517643498249213,0.1250234181921137,0.137688020046501,0.1504806363482066,0.1693548299530471,0.1803597459989529,500,0.2
0.1,0.1692210623698221,0.1445872441298739,0.1558239255646365,0.1688024759462309,0.1811706767062682,0.205355801841525,500,0.2
0.05,0.2040573757791259,0.1770520799191978,0.1914942750880763,0.2035437101961223,0.2180751240046522,0.2327527018566834,500,0.2
0.02,0.2249913416358788,0.1898505910323032,0.2103502649145826,0.2247601018412205,0.2399663051544822,0.2559456405919071,500,0.2
0.01,0.2376374117751078,0.2119106691506424,0.222301503264968,0.2371539559972746,0.2518247921529919,0.2692293337938234,500,0.2
1,0.1231940664246598,0.09185061099315243,0.1050586011015706,0.1227950564325445,0.1383584761853459,0.1626443199893848,500,0.5
0.5,0.1031105564198273,0.07692070017618105,0.08948166396300124,0.1029205638324814,0.1178364208748105,0.1289372108464558,500,0.5
0.2,0.1552461539562823,0.127105125343952,0.1410299570666373,0.1561981823516408,0.1682744979258646,0.1836914146585559,500,0.5
0.1,0.1940064212096052,0.1685254731565092,0.179615908929327,0.1929169778173729,0.2096167448004277,0.2209485838882435,500,0.5
0.05,0.1799701632459522,0.1477285482826392,0.165616970384561,0.1801822173732015,0.1926828728460962,0.213400190001707,500,0.5
0.02,0.1893977716925853,0.1594876753038126,0.1747952266154746,0.1890247550613288,0.2041589985293006,0.2213123525773167,500,0.5
0.01,0.1823372141093594,0.1584705476483795,0.1687718392188346,0.1812791966472733,0.1976142969156146,0.20835974458977569,500,0.5
1,0.1233351504816467,0.09188733324615896,0.1078277850956738,0.1232168390274109,0.1392724285350365,0.152134172439187,500,1
0.5,0.1047735404113985,0.07995997449693765,0.09004602180415415,0.1042111194529169,0.1177348250196504,0.1313654262801485,500,1
0.2,0.1152154079211366,0.09093285172768756,0.1010865427246495,0.1149844878813674,0.1300493405970682,0.1399120094035626,500,1
0.1,0.1478019684887585,0.1173338689765828,0.1356153071467558,0.1467324089177722,0.1636441799829225,0.1747712505003577,500,1
0.05,0.1416056679406448,0.1129367596717528,0.1291091252969332,0.1423188504807463,0.1540569787320494,0.1686411181859169,500,1
0.02,0.1686386533927757,0.1432542825242095,0.1540869059506303,0.1688514534432647,0.1844051658601762,0.2003201491576554,500,1
0.01,0.1419041509070726,0.1147598338452765,0.1255853468211764,0.1428755194718828,0.1553944938039449,0.1748306021434401,500,1
1,0.1173634781802505,0.0861010493164743,0.100322811980032,0.1161481971509944,0.1359722323621985,0.1529992093269366,500,10
0.5,0.09305564723249408,0.06438043640210067,0.08159476827136154,0.09204219811101606,0.1075781916718892,0.1224542848797091,500,10
0.2,0.08333105652180159,0.06154586132830656,0.07202086971143926,0.08305878582172846,0.09729522949047188,0.1095835155375486,500,10
0.1,0.1048800460363148,0.0799889566855316,0.09161604360653312,0.1067647148017143,0.1165497905374551,0.1272214235501459,500,10
0.05,0.1157904467391185,0.09091229723970462,0.1018306261880469,0.1133012389729779,0.1313686270399116,0.144131624458693,500,10
0.02,0.1054165124168215,0.07869213832440397,0.09041978658530224,0.1064451903546512,0.1190615695198642,0.1315824088479225,500,10
0.01,0.125371103120564,0.09840845802169618,0.1086033727108329,0.1248922456719,0.1393927592884613,0.1525392578282191,500,10
1,0.1158661909157396,0.08045807897010296,0.1004130764590177,0.1170503696757341,0.1310549414146402,0.1521788947781378,1000,0.05
0.5,0.1120084937700338,0.08334998915969875,0.09854917943056445,0.1128858602547822,0.1264717447477731,0.1503091225859168,1000,0.05
0.2,0.1369049308494315,0.1086360146228181,0.1225999002216971,0.1370926344849085,0.1493667061454003,0.1687589013154147,1000,0.05
0.1,0.1679964010040461,0.1379084100855726,0.1552691899946819,0.1702276741687046,0.1807392489854255,0.1981726364890458,1000,0.05
0.05,0.2158512101937457,0.1913130935559822,0.203502192679088,0.214637582615906,0.2301892017779052,0.2467991173381423,1000,0.05
0.02,0.2756665244141213,0.2463191239230665,0.2620897901731744,0.2769326020121468,0.2897490591114582,0.2999663966378935,1000,0.05
0.01,0.2715159135763011,0.2440214249925319,0.2572988603287361,0.272297194542127,0.2863778999698095,0.2960032883011338,1000,0.05
1,0.1030724620037815,0.07638691265294341,0.08895192621102245,0.102955467945959,0.1179453350664353,0.1354892863318998,1000,0.1
0.5,0.1044010407817462,0.07556045805990472,0.09131157289071422,0.1035736450220355,0.1183301912856358,0.1346626630790732,1000,0.1
0.2,0.1287681606580881,0.09653667366679078,0.1134698905629712,0.1296447929698371,0.1426525195628486,0.1552160091538705,1000,0.1
0.1,0.1741832028206834,0.1459793974851719,0.1629089609303726,0.1736782055354504,0.1855487609781654,0.2012180241638038,1000,0.1
0.05,0.199310521728819,0.1710239641620186,0.1872990886219391,0.1991022198457059,0.2127864326794608,0.2256618932554594,1000,0.1
0.02,0.2293025824627156,0.202408806425302,0.2187170998936766,0.2300046039884301,0.2403362652672138,0.2566831497106243,1000,0.1
0.01,0.2453070432002344,0.2081508104349608,0.2327628428363137,0.2478604066526901,0.260046785642318,0.267388244517762,1000,0.1
1,0.1313091204006099,0.08962663998223863,0.1156748907734583,0.1287098232844073,0.149353302834371,0.1749852923961162,1000,0.2
0.5,0.08888710304864895,0.06054584209430285,0.07766988862474668,0.08787858817662503,0.1031529099739743,0.1090557935591596,1000,0.2
0.2,0.1490976101432074,0.1259938387379114,0.1343089294025821,0.1500701181682597,0.1620212560078662,0.1779549136840119,1000,0.2
0.1,0.1569171003592063,0.1289251814806596,0.1426412647167996,0.1553771339656155,0.1720563223841763,0.1927430294352518,1000,0.2
0.05,0.1958781567558577,0.1714641861021889,0.1819875430274128,0.194621120713639,0.2115835979206121,0.2245302262367458,1000,0.2
0.02,0.2066313035435018,0.1788090991274519,0.195592633739483,0.2062238749797955,0.2197388036024864,0.2382790595406338,1000,0.2
0.01,0.2155089923388302,0.1775337947257297,0.2014315067388792,0.2163455714602865,0.2304493709333495,0.2448041194191409,1000,0.2
1,0.1146042477876384,0.08638854770538423,0.09968567933873612,0.1147689266477761,0.1309350638398158,0.146401451081885,1000,0.5
0.5,0.09590943296812446,0.07060068280904058,0.08071124929746534,0.0938089601874574,0.1139651719473002,0.1257305267448359,1000,0.5
0.2,0.1072933187229083,0.08231989144793112,0.093009573014125,0.1074133866463387,0.1219295395324623,0.1311940150102766,1000,0.5
0.1,0.1598559728749012,0.1303657761163996,0.1427086585980051,0.1604612423347865,0.1748417304195942,0.1906793750830029,1000,0.5
0.05,0.1579672687152946,0.1310062232963252,0.1455274841325853,0.1566427979967631,0.1711731178148379,0.1856996611232448,1000,0.5
0.02,0.154661547658015,0.1209304388060441,0.1411939536831566,0.1541211183235595,0.1666081418531966,0.1815406250885077,1000,0.5
0.01,0.1650968259806638,0.1369024776677651,0.1511434098970244,0.1660511533874228,0.1796365920912042,0.1923441125818372,1000,0.5
1,0.1300957861802707,0.0988173047356454,0.1166969265368718,0.1319198520181764,0.1436418828357168,0.1636984156953596,1000,1
0.5,0.1072970859024665,0.07827769663413392,0.0930222118685681,0.1056166470162345,0.1212473538312082,0.1340263994332516,1000,1
0.2,0.1289431478304397,0.1000320482257346,0.11521614395003,0.1283118009580448,0.1427025618395822,0.1582521411249475,1000,1
0.1,0.1277651358815578,0.1046511231109263,0.1142311629655312,0.1260482353019943,0.1392534653282564,0.1602602888281807,1000,1
0.05,0.1227015611178275,0.09179226063403716,0.1094181919720677,0.1222754787605924,0.1350793813819254,0.1503613554543761,1000,1
0.02,0.1337596497621842,0.1083551414806376,0.1208787875700618,0.1352185992454766,0.1471823298150946,0.159151221683189,1000,1
0.01,0.1465949159443893,0.1145711680884624,0.1348981681026271,0.1480634662907666,0.1592518398062879,0.1676020067251663,1000,1
1,0.1450377962821459,0.1122570032607518,0.1275814792490684,0.1462079822616764,0.163269829152788,0.1782586285473512,1000,10
0.5,0.1002781076111432,0.07352699329865221,0.08270683039454148,0.09771203395929678,0.1178728527304641,0.136178321442094,1000,10
0.2,0.1134211433212003,0.09097179610908716,0.1024389975931459,0.1138589549435569,0.1246288963594386,0.1388964965640356,1000,10
0.1,0.09069062458369098,0.06054076388561612,0.08037613468512804,0.08998055865913715,0.1024885311043082,0.1196285322919835,1000,10
0.05,0.1068152925030732,0.08163708193992857,0.09276309891572156,0.1061889393049053,0.1198183876927139,0.1370962946930997,1000,10
0.02,0.1027664363338776,0.08144137432101264,0.08888461460752917,0.1020503155523122,0.1156348604855852,0.129948599700598,1000,10
0.01,0.1092810021000477,0.08075881896125608,0.09764121433591048,0.1099351702067881,0.1195027263565799,0.1317026311868691,1000,10
1,0.0962989441620396,0.06788217794425422,0.08273090289017392,0.09530484606827531,0.1099470384602964,0.1279343362204636,1000,100
0.5,0.08954032428245426,0.06533127437673639,0.0761209626693364,0.08820302376491378,0.1030338197244739,0.117094633912493,1000,100
0.2,0.108450695571048,0.08391447652655099,0.09531781335277116,0.1089779113015724,0.1201428938981302,0.1383732883925234,1000,100
0.1,0.09741980972233362,0.07256147743064482,0.08412905148118764,0.09892635464474683,0.1091504560924726,0.1223866034753646,1000,100
0.05,0.08812985820969964,0.06440886780572247,0.07766419519400654,0.08812385253362892,0.09756559881850012,0.1150353952042491,1000,100
0.02,0.08907407399625887,0.05826789487384391,0.07812440426318643,0.08896081957722364,0.1016306777853113,0.1125017244968403,1000,100
0.01,0.0950159341710292,0.06888690115629652,0.08349526745228295,0.09496375456568196,0.1090959777256425,0.1212960746041087,1000,100
1,0.1048091220038326,0.07275100146473723,0.0909811518645639,0.1040132691779273,0.1201399264602362,0.1328568607839,1000,1000
0.5,0.08844988176692763,0.06189852665402307,0.07362855429404194,0.08878300638638856,0.1007402181778655,0.1167091517932444,1000,1000
0.2,0.1052310032029664,0.08176346520873976,0.09099143557645732,0.1043375581419062,0.1187662548830338,0.136644216056523,1000,1000
0.1,0.0929795909783688,0.06640435876560707,0.07783522127758549,0.09363620210046908,0.104462021248339,0.1223752121344882,1000,1000
0.05,0.09540877579221274,0.06013589569284315,0.08196043152113477,0.09519726722339256,0.1084878225107845,0.1194141465942028,1000,1000
0.02,0.0936326029274248,0.07052217525486373,0.08239347924336832,0.09363641302942267,0.1051709642577412,0.11845457162183019,1000,1000
0.01,0.08287735990381055,0.05707871015982586,0.07108956653594925,0.08425420353307222,0.09570505841668532,0.1009929861948108,1000,1000
1,0.08916601605114169,0.0650686210492887,0.07713015772065442,0.08811041436137895,0.1032243437042071,0.1196160235193492,1000,10000
0.5,0.1154141279211082,0.08418966590447022,0.1005646462901975,0.1149311925020084,0.1316219863902772,0.1546517020493161,1000,10000
0.2,0.07567772177080617,0.04874616617718273,0.06321786459887524,0.07540266421472347,0.08908212887693373,0.0995924940433783,1000,10000
0.1,0.1065592968399127,0.06766128750566375,0.0923769561889886,0.1079283896923298,0.121903196069821,0.1353150497572026,1000,10000
0.05,0.08921409837351313,0.06587211735891413,0.07583448240972053,0.08775588006694629,0.1034463116409625,0.1176647265801077,1000,10000
0.02,0.08694986698313366,0.0617899949607727,0.07357583745767046,0.08792895151020956,0.09714151825824052,0.1123515838171338,1000,10000
0.01,0.1112779025718016,0.08509968697097242,0.09892828288038802,0.1121889218280051,0.1234455283063269,0.1341118138076546,1000,10000
1,0.1102915122321156,0.07920327387135237,0.09584355455729872,0.1097261345618988,0.1261310878628718,0.1463819372431884,1000,100000
0.5,0.1004432852256645,0.07222825770374987,0.08683398014767767,0.1020693335153346,0.1139597571960551,0.1241426744049091,1000,100000
0.2,0.1028036562039476,0.0790677991729155,0.09114931662696596,0.1004303984556262,0.1170539098782435,0.1400822978474487,1000,100000
0.1,0.08965440416453398,0.06199607085643771,0.0767476771697182,0.08983340190756603,0.1026683056708598,0.1185529431661411,1000,100000
0.05,0.094182165356893,0.06454382579501682,0.0845384176612477,0.09523195222901391,0.1049606345250271,0.1144608655425392,1000,100000
0.02,0.1035912266800013,0.07679040721130255,0.09204611126393077,0.1041292679140962,0.1130971314259165,0.1301372711596768,1000,100000
0.01,0.08990325000144711,0.06392119413989061,0.07848359540595724,0.08992056163878526,0.1023263572053041,0.1157718025565246,1000,100000
1,0.1204424044330891,0.08407559401633069,0.1042201536010435,0.1215599038556369,0.1354693609904971,0.1509490423245561,1000,1000000
0.5,0.1035690033171466,0.07764129973173158,0.08918798105834135,0.1035872782153487,0.1165762218116862,0.1423612511183682,1000,1000000
0.2,0.09689567530711224,0.07181906424708798,0.0843648118101656,0.09641833349843015,0.109498987921547,0.1265279483718582,1000,1000000
0.1,0.1077135922117448,0.07641302506429902,0.08855913743965697,0.1083061005511471,0.1227864316191755,0.1460608065508382,1000,1000000
0.05,0.1006302635151058,0.07097685940100508,0.08504064180058601,0.1011896795942245,0.1147934320615238,0.1281921402926894,1000,1000000
0.02,0.09865584268721311,0.07048751221174071,0.08273771225426552,0.09859447667074409,0.116205387559035,0.1288659649075674,1000,1000000
0.01,0.09020478372377357,0.06888422490814047,0.07814943300236929,0.08993301234255321,0.1021310572816151,0.1189391275984137,1000,1000000
1,0.1062228709729838,0.07492351883611495,0.0875900905075194,0.1053155012195459,0.1244683308952209,0.1395889130942835,2000,0.05
0.5,0.0927179425154078,0.067730287909788,0.08087923317042506,0.09156527589354418,0.1072947453403916,0.1197651506391085,2000,0.05
0.2,0.1166710780015392,0.08476702285805049,0.1052251003995759,0.1148013033962124,0.1328319924250718,0.1463260546492093,2000,0.05
0.1,0.1402012164217769,0.1161809275546566,0.124275503087787,0.1392321492588823,0.155229189142508,0.165077189856685,2000,0.05
0.05,0.1657644550806237,0.1325412917393511,0.1525096833136843,0.1653664798142502,0.1806989221126941,0.1923511247354245,2000,0.05
0.02,0.2463028085050137,0.2137500322205038,0.2318548083279645,0.2482493852079725,0.2598026232974882,0.2728940739929928,2000,0.05
0.01,0.2595738696718982,0.2309364474082689,0.2463272010642886,0.2602620291833609,0.272426127991621,0.2847886945812186,2000,0.05
1,0.1214608574447581,0.08454061545916189,0.1066798621912119,0.1222001122512993,0.1349086748169258,0.1501106640882049,2000,0.1
0.5,0.107164143909716,0.08326756547976132,0.09328747351171096,0.1073446626889015,0.122525972549677,0.1323514888623218,2000,0.1
0.2,0.1120756816501448,0.08032501696487107,0.09733980534553754,0.1137037180867985,0.1267954376272283,0.1354681419260912,2000,0.1
0.1,0.1354332175913175,0.1098753804775541,0.1229870044770513,0.1344214417859129,0.1526091686054653,0.1605040817787737,2000,0.1
0.05,0.176802848265898,0.1430470796691667,0.1637686579154546,0.1768108637007572,0.1910774922648963,0.2051508804201074,2000,0.1
0.02,0.1948660309218134,0.1681895952893163,0.1794047201012323,0.1933966813303116,0.2116023384212214,0.2197827950337521,2000,0.1
0.01,0.2107154237887494,0.1751345956070635,0.1974811259849483,0.2109742122176348,0.2230223080376117,0.2402179949823101,2000,0.1
1,0.1014713717349844,0.07231615556051209,0.08884995414256158,0.1013866222594934,0.113803452600298,0.1389055061760175,2000,0.2
0.5,0.1060705154419224,0.08308182013643102,0.09273627112037942,0.1035589091352878,0.1210979780642467,0.1370770151761551,2000,0.2
0.2,0.1155291723852403,0.08944349018196904,0.1023171448661173,0.1167497469321912,0.1289818827245502,0.1413199768163088,2000,0.2
0.1,0.1329981747626635,0.1026771679700364,0.1185156324640768,0.133605084173437,0.1463018469605121,0.1621979080057427,2000,0.2
0.05,0.1797625061291613,0.1503013243504131,0.1678668116744938,0.1789300129561592,0.1954896086544898,0.2032689747727448,2000,0.2
0.02,0.1865200063322797,0.1553353102473473,0.1717045429722946,0.1866659920738924,0.2008114146620847,0.217379268431009,2000,0.2
0.01,0.2098940120742371,0.1835082423359469,0.1980229806276944,0.2098379949189042,0.2238267412726428,0.2348029766243787,2000,0.2
1,0.08690727662375351,0.05780686340365795,0.07390073602051406,0.08783772897581227,0.09971268740873249,0.1079439545217518,2000,0.5
0.5,0.09062046154632046,0.06216528871478745,0.07807824021792341,0.09017312772586898,0.1036085074023554,0.1156714226822015,2000,0.5
0.2,0.1220913261148903,0.08713602259215848,0.1065374921567011,0.1232799186252046,0.1349181676085261,0.1481994639464483,2000,0.5
0.1,0.1311654828626493,0.1049045360724336,0.1173349355079606,0.1299975887825824,0.1450854283669349,0.1568131802629245,2000,0.5
0.05,0.1447459250177961,0.1210128726095367,0.1325667574005765,0.1424776698063372,0.1598267810718098,0.1721554944284839,2000,0.5
0.02,0.1429212345738749,0.1154961230095114,0.1312218915302339,0.1426031682487874,0.155482453031564,0.1752001063869563,2000,0.5
0.01,0.1537388245720426,0.1282488747886515,0.1396792378863619,0.1535601638143512,0.1683421176559956,0.1833280574455871,2000,0.5
1,0.1252489488530436,0.084427304544101,0.1086833948389278,0.1250505729919524,0.1438538095492726,0.1613638713546943,2000,1
0.5,0.107226479906086,0.07281502014415268,0.09279372312255876,0.1058220555211368,0.1229876561769475,0.1398553958330565,2000,1
0.2,0.09875626623960666,0.07460740894560466,0.0850646411629359,0.09796423191524826,0.1133070567373045,0.1210738903486658,2000,1
0.1,0.1365044189537695,0.1055467496806661,0.120471152258609,0.1353940694334715,0.1541331158415253,0.1665456827140041,2000,1
0.05,0.1308083016387515,0.1040520977346987,0.1152613446993471,0.1307446848911949,0.1443109799076282,0.1606891720359956,2000,1
0.02,0.1118108145964312,0.09031142664279244,0.09723846577956194,0.1122995705207266,0.1242154619649011,0.1340347433817199,2000,1
0.01,0.1179040539598621,0.08662252684166008,0.1040591643821151,0.1180977782666489,0.1340124172518805,0.1436193063499165,2000,1
1,0.1111109062270573,0.08153145456813801,0.08971199659593741,0.1112325437290385,0.1299625479552356,0.14944012357152,2000,10
0.5,0.09473475497405236,0.07093246138182613,0.07989241289332347,0.09571617745089168,0.1083115146582377,0.1169977792156336,2000,10
0.2,0.1206838319424061,0.09434205587102897,0.1069337509048572,0.1210609439129493,0.1353309878058083,0.1473101956807149,2000,10
0.1,0.09810452732110532,0.07395846917276036,0.08684370239311495,0.0961781303610596,0.1122476696038431,0.125865714779513,2000,10
0.05,0.09653559500033884,0.07340180937922205,0.08421763589844936,0.09545284917653284,0.1105061576995879,0.1267462438342631,2000,10
0.02,0.1070785387534024,0.08507064731436881,0.0962281332801995,0.1062955541509405,0.1196002516700003,0.1279454772564905,2000,10
0.01,0.09111854943560914,0.06394898281394251,0.07729587862130971,0.0927866529877025,0.1036180429718443,0.119402650533828,2000,10
1,0.1101031828911505,0.07732412798438816,0.09789149889485958,0.1110925784687497,0.1269069097700939,0.1454885928907874,5000,0.05
0.5,0.0934400811111492,0.06997490478907625,0.07826242687632765,0.09232243992202208,0.1105089168891523,0.1211862902743081,5000,0.05
0.2,0.1035784545543165,0.07811041206944044,0.08818253279346033,0.1059244481869586,0.1161583081268965,0.1310371239153766,5000,0.05
0.1,0.1175932405129228,0.09295848238444736,0.1073842074051894,0.1173077033992076,0.1319257114538785,0.1410315049695043,5000,0.05
0.05,0.1356894356358194,0.1120035384041675,0.1230653488377435,0.1353904512212999,0.1483462646995418,0.1654436648609337,5000,0.05
0.02,0.1992530865210677,0.1701224644742109,0.1863023481851833,0.1991610808173212,0.2130965282093067,0.2312424107155147,5000,0.05
0.01,0.1995204503219276,0.1674747492790508,0.1846405910100457,0.2003000110498295,0.2123989537673927,0.2326368157529369,5000,0.05
1,0.1283444670805429,0.08514389747230285,0.1064713496260743,0.1273726263409213,0.152279300313595,0.1666892103841404,5000,0.1
0.5,0.09401564724305626,0.06757944768970642,0.0799130216860694,0.09073703604804924,0.1126792303131506,0.1259353587343232,5000,0.1
0.2,0.1033018929656616,0.0761576450664738,0.09028505069272992,0.1029187724299311,0.1172673411958064,0.1292987245601093,5000,0.1
0.1,0.1047540695558482,0.08101466844204461,0.09179884943048144,0.1055414322423357,0.1172403990462556,0.1291574501437562,5000,0.1
0.05,0.1263443947044014,0.1061517412219887,0.1139545571608285,0.1262025362489534,0.1399481304284952,0.1498861386604081,5000,0.1
0.02,0.1772077078555414,0.1491781945323434,0.1626151653306185,0.1786759612159362,0.1921086768483845,0.2067584893872575,5000,0.1
0.01,0.178393037540221,0.1494393732962562,0.1626691561816349,0.178033706767541,0.1928180947932796,0.2153698664933316,5000,0.1
1,0.1168724799457059,0.0760724977614996,0.0945751825216278,0.1158173960203137,0.1377248664453084,0.1736046061308914,5000,0.2
0.5,0.0915457070033366,0.06824344404533526,0.07866584636395774,0.08962324613153885,0.1026074100449811,0.1233325549422089,5000,0.2
0.2,0.1098972413810458,0.08484963630133946,0.09697483527860563,0.1089601585823936,0.1239972542001638,0.1407539239589777,5000,0.2
0.1,0.1241466254795092,0.09981957441391934,0.1095567723559274,0.1237343541020618,0.1363332784840439,0.1546782917197013,5000,0.2
0.05,0.1209529377419354,0.09206702768909666,0.1062038606680305,0.12201726824567,0.1325266202785141,0.1537656165932492,5000,0.2
0.02,0.1495107134582022,0.1233297743605221,0.1358602212348889,0.14894386791822,0.1641111937057883,0.1736871659050744,5000,0.2
0.01,0.1689448178575804,0.1368169453946732,0.1568700254730329,0.1678011337709259,0.1845890461513901,0.1959473309272812,5000,0.2
1,0.1163022716861385,0.08801160122908677,0.09790724549412835,0.1159798679144567,0.1313118661125425,0.160883999222131,5000,0.5
0.5,0.09985309109113706,0.06960784617444644,0.08400220906655081,0.09841565441268144,0.1166321119206454,0.138118002896375,5000,0.5
0.2,0.09410931226042268,0.0659214071407675,0.07867381727954315,0.09482960866764065,0.1062399401872366,0.1308163047589673,5000,0.5
0.1,0.1042711977147065,0.07562448384296896,0.09277285979880404,0.1034767357031673,0.1166725929339315,0.1324178153680486,5000,0.5
0.05,0.1354534655583726,0.1119941527961972,0.1231718191533715,0.1357258015442823,0.1466077853274995,0.158665648648497,5000,0.5
0.02,0.1422063374183531,0.1163510633019671,0.12774373827839,0.1429478807925174,0.1554967924569395,0.1672006136020794,5000,0.5
0.01,0.1579919577771212,0.1313348929695679,0.1470134289514724,0.1574563843706268,0.1689414141714823,0.1844262652418646,5000,0.5
1,0.08609784459977642,0.06123386601589956,0.07153013920848432,0.08518694367273424,0.1014659367097024,0.1200340060281177,5000,1
0.5,0.0952284491158876,0.06785343527524185,0.08428284433193904,0.09428415947705418,0.1078593025343214,0.1243716951156282,5000,1
0.2,0.09960763137351009,0.07697576593943177,0.08632341026329432,0.09822122646300548,0.1135948506128704,0.1281217411643144,5000,1
0.1,0.1102206908043393,0.08425614735732678,0.0970619650726238,0.1086322232369293,0.1246290428903464,0.1390457548169201,5000,1
0.05,0.1188057501596918,0.0937751064373399,0.104653405881507,0.1196768966063658,0.1318909629291523,0.1421495000930766,5000,1
0.02,0.1050914778504086,0.07886730430965949,0.0923638282111524,0.1051218089689587,0.1172634980325487,0.1320421660991463,5000,1
0.01,0.1171134732836911,0.08734739147858295,0.1045533327733841,0.1167447240988765,0.1290168729778915,0.1433466366338453,5000,1
1,0.09759761750010976,0.06727177196719406,0.08056602382640042,0.09687203547658596,0.1147377804348063,0.1335189143606883,5000,10
0.5,0.09058081187283844,0.06698844137991314,0.0781326607852086,0.0896078054096966,0.1043878196895362,0.1138162371869117,5000,10
0.2,0.09953168916244788,0.0696365191737986,0.08477983185003177,0.1000349508370418,0.1123772127777339,0.1280521560268624,5000,10
0.1,0.09946149993629516,0.06833359755092241,0.08471915603268648,0.1000558282109591,0.113834636676626,0.1242395888159239,5000,10
0.05,0.1223459006021215,0.09367788639805902,0.1091548459780815,0.1241042577000489,0.1347338919849782,0.1493161933755107,5000,10
0.02,0.09789345411638588,0.06927770557975325,0.08322401902603396,0.09743643042475342,0.1105470844571396,0.1383002191117231,5000,10
0.01,0.1069198632397491,0.07606433455324621,0.09367107269689053,0.10696272100441,0.1207481170840721,0.1324829756963645,5000,10
1,0.1073030661171692,0.08019255638859185,0.09134248686005347,0.1069167269106779,0.1211951845528593,0.1353289032874515,10000,0.05
0.5,0.09628269898679331,0.06940817725389675,0.08295599963562861,0.09610060863480974,0.1084423024703099,0.1234900859874395,10000,0.05
0.2,0.0908563337512564,0.06378036257534023,0.07947347400689297,0.09041148797359322,0.1044295996677263,0.11589528599083,10000,0.05
0.1,0.1113935544170094,0.08747857281524235,0.09831551736297171,0.1121030626173555,0.1223378031079061,0.1379562028715352,10000,0.05
0.05,0.1159060210519189,0.08826293162182824,0.1023357719271692,0.1154782091118896,0.1280046935211182,0.1475834589566463,10000,0.05
0.02,0.1624312484277167,0.1335311284088478,0.1473090833330296,0.164379073040047,0.1753531015787578,0.195547801330997,10000,0.05
0.01,0.189263206333774,0.156308182859217,0.1751650628181973,0.1895636505610095,0.2033990504797725,0.2206036250037265,10000,0.05
1,0.110654226263703,0.07829205317801773,0.0934696441730518,0.1111563963381362,0.1296825122744273,0.1515316572482436,10000,0.1
0.5,0.09672691941535784,0.06901823419684588,0.08203988819752153,0.09796503617873475,0.110604797720988,0.1182474318956425,10000,0.1
0.2,0.09906167486877455,0.07397077360685722,0.08786864440532129,0.09883885815882074,0.1112215326881142,0.1271851609075995,10000,0.1
0.1,0.104122377777664,0.07994840301945459,0.09217849972320014,0.1033484176347145,0.1188138571015523,0.1302519208759198,10000,0.1
0.05,0.1242825630683024,0.09804208024753117,0.1137400017497155,0.1244251930052107,0.1370391346847166,0.1470334025722612,10000,0.1
0.02,0.1451788029197581,0.1145307580907409,0.1332234317646049,0.1463033668895263,0.1566567282054964,0.17081141537843,10000,0.1
0.01,0.1583098279564738,0.1309545366137984,0.1442010671599996,0.1593505905498328,0.1704980675014741,0.1837830338578001,10000,0.1
1,0.0993958662025603,0.07732472775021872,0.08645097364866035,0.09704833741016448,0.1137895626100835,0.1287125253754626,10000,0.2
0.5,0.0945131640391069,0.07285945568657165,0.08086940406094224,0.09291260816124348,0.1066022363219607,0.1334659616670961,10000,0.2
0.2,0.07925624318819074,0.05754822631528434,0.06655140708690833,0.08064874499950964,0.0904034699897268,0.1041413935110543,10000,0.2
0.1,0.1067753999223583,0.08357800777312613,0.09573450145204929,0.1074279311681497,0.1186327045432457,0.1330453263797742,10000,0.2
0.05,0.1220180301255675,0.09988355452484617,0.1103905234891224,0.1218816823061249,0.1329312276571411,0.1547882789958366,10000,0.2
0.02,0.1218108329604124,0.1003414688556734,0.1113259602566153,0.1213277320611846,0.1322297533491537,0.1456025941526156,10000,0.2
0.01,0.1560530760378546,0.1301428685064514,0.1417384028901209,0.157527994107458,0.1704567225532052,0.1828419305135505,10000,0.2
1,0.09570285554928784,0.06607388950552986,0.07806565650544164,0.09609950258960184,0.110385499455626,0.1363482369818206,10000,0.5
0.5,0.1035411902973977,0.07756967984915578,0.09012675061130854,0.1027605864922655,0.118902542203633,0.1323828302863846,10000,0.5
0.2,0.0982205485283003,0.07496066798576846,0.08596280033475048,0.09731259827020763,0.1101480198295636,0.127980079765956,10000,0.5
0.1,0.0981761463954224,0.07310314317689193,0.08726800562157876,0.09759168034431431,0.1083455704465531,0.1260891144175197,10000,0.5
0.05,0.1257236819623445,0.1004647736372202,0.1124200883507158,0.1260588211091754,0.1383381866955895,0.1499680158540107,10000,0.5
0.02,0.1125864601178172,0.08823365684146911,0.1006970262057184,0.112252000050682,0.1261924373148759,0.1387691668616912,10000,0.5
0.01,0.1146023905945933,0.08580842906927473,0.1012729215616156,0.114883620314733,0.1267921289734082,0.1466662724577674,10000,0.5
1,0.1036566911205549,0.07468902999753013,0.08233121036616482,0.1022895893966427,0.1230756177140827,0.1475709530181454,10000,1
0.5,0.09178380853848508,0.06400839192628735,0.07934956648216435,0.0910776448032727,0.1044176376372343,0.1148488200264436,10000,1
0.2,0.09846000622427632,0.07168297217375379,0.08635170362788612,0.0990074758136682,0.1100078907251921,0.1228209768585969,10000,1
0.1,0.1165837319230866,0.0943756853342394,0.1045461008842978,0.1161121596968538,0.1281011818661264,0.1422200049227985,10000,1
0.05,0.1054336110287237,0.07674990685626197,0.0939851645390192,0.105761516061748,0.1172927883120132,0.1309766805403542,10000,1
0.02,0.1046962855929317,0.08210476853883586,0.0912882487701703,0.1036392233505627,0.1171564105647771,0.1332908290081968,10000,1
0.01,0.1234972169774162,0.09475977480144906,0.1083494345339852,0.1243891623036902,0.1369192932918962,0.1544770101038253,10000,1
1,0.1120160139968036,0.08407075200766505,0.09602277577932988,0.1110904776955036,0.1306164186757464,0.143131977191337,10000,10
0.5,0.1024480461237003,0.07457154035112312,0.08905588863187677,0.102860713778559,0.1172094730037302,0.1255507803471952,10000,10
0.2,0.09834285184296088,0.06686435613048952,0.08562642071712635,0.0992292196067874,0.1116470595147685,0.121755062670782,10000,10
0.1,0.09231074835155362,0.06840309295461272,0.08089858036358896,0.09168944681008258,0.106099782775019,0.1160437343757268,10000,10
0.05,0.09588616484451082,0.07281824582611615,0.08518962626230223,0.09594669324840188,0.1082029956664445,0.1158361677279105,10000,10
0.02,0.1062317540792241,0.08289183393840041,0.09530125661523307,0.1053345644647661,0.1181704929623708,0.1310053154913329,10000,10
0.01,0.09019358644980968,0.06696872781893652,0.07858300949319164,0.09015084241236689,0.1008670364799579,0.114505827489158,10000,10
1,0.09881906253468492,0.06642247341841095,0.08521466294189833,0.0981787985352384,0.1125483456288445,0.13392530394318,10000,100
0.5,0.101887486618672,0.07864084347860373,0.08792804987374174,0.1017477649903364,0.115862684075454,0.1331000136438095,10000,100
0.2,0.07615565917212344,0.05134048864085139,0.06560843210648484,0.0756587777773076,0.084570178755654965,0.1004112301594789,10000,100
0.1,0.09569365320405183,0.06932479994702323,0.0852211061239635,0.09529462521099392,0.1072765187862606,0.1135002027967792,10000,100
0.05,0.0853408304616128,0.05827872735445984,0.07402552712490496,0.0860271312697283,0.09722011156018126,0.1083022133203248,10000,100
0.02,0.08824603095821404,0.05876378190293574,0.07664976579353457,0.08807980514411816,0.1009294593889876,0.1133112422511578,10000,100
0.01,0.09305785132814412,0.06371220716042907,0.07931236591205518,0.09489420165488512,0.1065842819174236,0.1168090376348312,10000,100
1,0.1056730729904035,0.07640292328789924,0.09097435319652636,0.1055731118867263,0.1192035370099885,0.1393838639408574,10000,1000
0.5,0.09162959113738564,0.06455393107162351,0.0794830821260064,0.09289544755821552,0.1030171896183276,0.1169343345387978,10000,1000
0.2,0.08736552073558677,0.0632610850336082,0.0739088515741676,0.08791114976857853,0.1016597976857011,0.1121398112297995,10000,1000
0.1,0.09324812600906894,0.06902825102166957,0.08159658849471152,0.09291118271478396,0.1043648209119954,0.124217158078297,10000,1000
0.05,0.08309621353727056,0.05721086047699385,0.07044387125738859,0.08292160392627224,0.0965897213249192,0.1084954651062674,10000,1000
0.02,0.09496927635591676,0.07281075933566078,0.08155060920561533,0.09485573573255644,0.1059167724390023,0.1211703978345491,10000,1000
0.01,0.0906680583357634,0.0684052777997777,0.07740924297348517,0.0887097064801797,0.1052426698419402,0.1159258218886472,10000,1000
1,0.09014803693601484,0.06249609819832087,0.07454115102177368,0.091325793687162607,0.1022315373621645,0.1141243200622968,10000,10000
0.5,0.09483384585945769,0.07017165832929814,0.08070403726314958,0.09344575700403002,0.1091064688488421,0.1261017512125049,10000,10000
0.2,0.1055511595540617,0.07908796155528683,0.09175229186855176,0.1060698034065135,0.1198412404985758,0.1317155675476405,10000,10000
0.1,0.1014729618699747,0.07544221912866589,0.0879943669600855,0.09994305947462116,0.1181530317079095,0.1298373553184059,10000,10000
0.05,0.09114402386943928,0.0621021805747709,0.07775291171603248,0.09144889810406744,0.1066987231853607,0.122009035002947,10000,10000
0.02,0.09728513411936772,0.06907033481879421,0.08538643157710298,0.09631939263618788,0.1107761921968037,0.1221482954809726,10000,10000
0.01,0.105160432575484,0.07950659191058808,0.09120199620542054,0.1061613394709002,0.1185059510341023,0.1341044238123779,10000,10000
1,0.1042363347850136,0.07472868208813577,0.08937439709018197,0.1045494584470519,0.1184710087152706,0.1354600633687654,10000,100000
0.5,0.08913262168533798,0.06392426439291508,0.07520030563063781,0.0896998571466816,0.1058675850904906,0.1103248317648688,10000,100000
0.2,0.09072187437233908,0.06606300821719041,0.07779578659678779,0.09059752583990828,0.1037673861037942,0.1232164887920305,10000,100000
0.1,0.09427282286851396,0.06612852914489935,0.08115479787802321,0.09268853054460638,0.1107549878487548,0.1235790046600422,10000,100000
0.05,0.1101383818171997,0.08523456943264104,0.098765113131679,0.1094401702938189,0.122299482202981,0.1330814874378681,10000,100000
0.02,0.09701829619794948,0.0718924207419007,0.08354819699621624,0.09527361843977596,0.111668007111894,0.1352941602154699,10000,100000
0.01,0.09810652735550204,0.07288204401033396,0.08497567395916383,0.0971622627681156,0.1129573881644794,0.1264273975093419,10000,100000
1,0.1072751992959852,0.07482515022584241,0.0887881683417796,0.1062620961637463,0.1237116516242757,0.1441818529144939,10000,1000000
0.5,0.0997982574435673,0.06503870139773163,0.08611154197574439,0.09929154498881218,0.1160827700426493,0.1361950519113156,10000,1000000
0.2,0.09575551645774412,0.07094038156950627,0.08027239687741822,0.09443907623424748,0.1105382824930508,0.1298335979896129,10000,1000000
0.1,0.09559096359575452,0.06334320609002148,0.07892207154901106,0.09608670530193264,0.110534947669248,0.1279814227163668,10000,1000000
0.05,0.08795436129491079,0.06375759988681845,0.07337916702944847,0.08624132847805532,0.1032189392059358,0.1162484228208269,10000,1000000
0.02,0.08644656945110396,0.06176978605124189,0.07454808672105612,0.0852248212677022,0.1004240695358281,0.116109925932828,10000,1000000
0.01,0.08854981286266288,0.06377031412208352,0.07529774043809451,0.08821856170731422,0.1022215300989035,0.1182282515250432,10000,1000000
1,0.09916604580834694,0.07457128257751042,0.08645199929526767,0.0991639852274354,0.1109542273505602,0.13269078269995,10000,10000000
0.5,0.09859199317379876,0.0669878207570789,0.08056116216175677,0.0988122057687134,0.1143995023437933,0.1352028701717086,10000,10000000
0.2,0.1040769183799403,0.07256170878109176,0.08762526605391727,0.1033928515540686,0.1204318069590218,0.1382153502305797,10000,10000000
0.1,0.1138353752588999,0.0848318017411243,0.09884208344827948,0.1145483872279827,0.1281688381969507,0.1405049705044314,10000,10000000
0.05,0.09205196549484246,0.06236457844651619,0.07708078442522402,0.09251540972996695,0.1068138753395555,0.1190917599636215,10000,10000000
0.02,0.09586044201203552,0.07239726289930543,0.08175922486237529,0.09759729028280632,0.1085084138277596,0.1183123258505249,10000,10000000
0.01,0.1135536761357299,0.08542476798061775,0.09767397890453355,0.112492684302936,0.1284389152681201,0.1514017233830462,10000,10000000
